Workbook
Name TB_ALIMENTO_ANALITO_2: 'IBGE - 2011'!#REF!
Name TB_ALIMENTO_ANALITO_2: IBGE_2!$C$2:$AG$1948

Sheet TACO v. 2 - 2006
A1: Descrição do alimento | B1: Quantidade (g) | C1: Energia (kcal) | D1: Proteína (g) | E1: Lipídeos (g) | F1: Saturada (g) | G1: Monoinsat (g) | H1: Polinsat (g) | I1: ômega 6 | J1: ômega 3 | K1: Colesterol (mg) | L1: CHO (g) | M1: Fibras (g) | N1: Cálcio (mg) | O1: Mg (mg) | P1: Mn (mg) | Q1: P (mg) | R1: Ferro (mg) | S1: Sódio (mg) | T1: Potássio (mg) | U1: Cobre (mg) | V1: Zinco (mg) | W1: Retinol (mcg) | X1: Tiamina (mg) | Y1: Riboflavina (mg) | Z1: Piridoxina (mg) | AA1: Niacina (mg) | AB1: Vit. C (mg)
A2: Cereais e derivados
A3: Arroz, integral, cozido | B3: 100 | C3: =B3*124/100 -> 124 | D3: =B3*2.6/100 -> 2.6 | E3: =B3*1/100 -> 1 | F3: =B3*0.3/100 -> 0.3 | G3: =B3*0.4/100 -> 0.4 | H3: =B3*0.3/100 -> 0.3 | I3: =B3*0.31/100 -> 0.31 | J3: =B3*0.01/100 -> 0.01 | K3: NA | L3: =B3*25.8/100 -> 25.8 | M3: =B3*2.7/100 -> 2.7 | N3: =B3*5/100 -> 5 | O3: =B3*59/100 -> 59 | P3: =B3*0.63/100 -> 0.63 | Q3: =B3*106/100 -> 106 | R3: =B3*0.3/100 -> 0.3 | S3: =B3*1/100 -> 1 | T3: =B3*75/100 -> 75 | U3: =B3*0.02/100 -> 0.02 | V3: =B3*0.7/100 -> 0.7 | W3: NA | X3: =B3*0.08/100 -> 0.08 | Y3: Tr | Z3: =B3*0.08/100 -> 0.08 | AA3: Tr
A4: Arroz, integral, cru | B4: 100 | C4: =B4*360/100 -> 360 | D4: =B4*7.3/100 -> 7.3 | E4: =B4*1.9/100 -> 1.9 | F4: =B4*0.3/100 -> 0.3 | G4: =B4*0.5/100 -> 0.5 | H4: =B4*0.4/100 -> 0.4 | I4: =B4*0.38/100 -> 0.38 | J4: =B4*0.02/100 -> 0.02 | K4: NA | L4: =B4*77.5/100 -> 77.5 | M4: =B4*4.8/100 -> 4.8 | N4: =B4*8/100 -> 8 | O4: =B4*110/100 -> 110 | P4: =B4*2.9/100 -> 2.9 | Q4: =B4*251/100 -> 251 | R4: =B4*0.9/100 -> 0.9 | S4: =B4*2/100 -> 2 | T4: =B4*1173/100 -> 1173 | U4: =B4*0.07/100 -> 0.07 | V4: =B4*1.4/100 -> 1.4 | W4: NA | X4: =B4*0.26/100 -> 0.26 | Y4: Tr | Z4: =B4*0.18/100 -> 0.18 | AA4: =B4*4.18/100 -> 4.18
A5: Arroz, tipo 1, cozido | B5: 100 | C5: =B5*128/100 -> 128 | D5: =B5*2.5/100 -> 2.5 | E5: =B5*0.2/100 -> 0.2 | F5: =B5*0.2/100 -> 0.2 | G5: Tr | H5: Tr | I5: =B5*0.06/100 -> 0.06 | K5: NA | L5: =B5*28.1/100 -> 28.1 | M5: =B5*1.6/100 -> 1.6 | N5: =B5*4/100 -> 4 | O5: =B5*2/100 -> 2 | P5: =B5*0.3/100 -> 0.3 | Q5: =B5*18/100 -> 18 | R5: =B5*0.1/100 -> 0.1 | S5: =B5*1/100 -> 1 | T5: =B5*15/100 -> 15 | U5: =B5*0.02/100 -> 0.02 | V5: =B5*0.5/100 -> 0.5 | W5: NA | X5: Tr | Y5: Tr | Z5: Tr | AA5: Tr
A6: Arroz, tipo 1, cru | B6: 100 | C6: 358 | D6: =B6*7.2/100 -> 7.2 | E6: =B6*0.3/100 -> 0.3 | F6: =B6*0.1/100 -> 0.1 | G6: =B6*0.1/100 -> 0.1 | H6: =B6*0.1/100 -> 0.1 | I6: =B6*0.08/100 -> 0.08 | J6: Tr | K6: NA | L6: =B6*78.8/100 -> 78.8 | M6: =B6*1.6/100 -> 1.6 | N6: =B6*4/100 -> 4 | O6: =B6*30/100 -> 30 | P6: =B6*1.03/100 -> 1.03 | Q6: =B6*104/100 -> 104 | R6: =B6*0.7/100 -> 0.7 | S6: =B6*1/100 -> 1 | T6: =B6*62/100 -> 62 | U6: =B6*0.11/100 -> 0.11 | V6: =B6*1.2/100 -> 1.2 | W6: NA | X6: =B6*0.16/100 -> 0.16 | Y6: Tr | Z6: =B6*0.07/100 -> 0.07 | AA6: =B6*1.12/100 -> 1.12
A7: Arroz, tipo 2, cozido | B7: 100 | C7: =B7*130/100 -> 130 | D7: =B7*2.6/100 -> 2.6 | E7: =B7*0.4/100 -> 0.4 | F7: =B7*0.1/100 -> 0.1 | G7: =B7*0.1/100 -> 0.1 | H7: =B7*0.1/100 -> 0.1 | I7: =B7*0.09/100 -> 0.09 | J7: Tr | K7: NA | L7: =B7*28.2/100 -> 28.2 | M7: =B7*1.1/100 -> 1.1 | N7: =B7*3/100 -> 3 | O7: =B7*6/100 -> 6 | P7: =B7*0.37/100 -> 0.37 | Q7: =B7*22/100 -> 22 | R7: =B7*0.1/100 -> 0.1 | S7: =B7*2/100 -> 2 | T7: =B7*20/100 -> 20 | U7: =B7*0.04/100 -> 0.04 | V7: =B7*0.5/100 -> 0.5 | W7: NA | X7: Tr | Y7: Tr | Z7: Tr | AA7: Tr
A8: Arroz, tipo 2, cru | B8: 100 | C8: =B8*358/100 -> 358 | D8: =B8*7.2/100 -> 7.2 | E8: =B8*0.3/100 -> 0.3 | F8: =B8*0.1/100 -> 0.1 | G8: =B8*0.1/100 -> 0.1 | H8: =B8*0.1/100 -> 0.1 | I8: =B8*0.09/100 -> 0.09 | J8: Tr | K8: NA | L8: =B8*78.9/100 -> 78.9 | M8: =B8*1.7/100 -> 1.7 | N8: =B8*5/100 -> 5 | O8: =B8*29/100 -> 29 | P8: =B8*0.83/100 -> 0.83 | Q8: =B8*82/100 -> 82 | R8: =B8*0.6/100 -> 0.6 | S8: =B8*1/100 -> 1 | T8: =B8*57/100 -> 57 | U8: =B8*0.05/100 -> 0.05 | V8: =B8*1.3/100 -> 1.3 | W8: NA | X8: =B8*0.16/100 -> 0.16 | Y8: Tr | Z8: =B8*0.05/100 -> 0.05 | AA8: =B8*0.92/100 -> 0.92
A9: Aveia, flocos, crua | B9: 100 | C9: =B9*394/100 -> 394 | D9: =B9*13.9/100 -> 13.9 | E9: =B9*8.5/100 -> 8.5 | K9: NA | L9: =B9*66.6/100 -> 66.6 | M9: =B9*9.1/100 -> 9.1 | N9: =B9*48/100 -> 48 | O9: =B9*119/100 -> 119 | Q9: =B9*153/100 -> 153 | R9: =B9*4.4/100 -> 4.4 | S9: =B9*5/100 -> 5 | T9: =B9*336/100 -> 336 | U9: =B9*0.44/100 -> 0.44 | V9: =B9*2.6/100 -> 2.6 | W9: NA | X9: =B9*0.55/100 -> 0.55 | Y9: =B9*0.03/100 -> 0.03 | Z9: Tr | AA9: =B9*4.47/100 -> 4.47
A10: Biscoito, doce, maisena | B10: 100 | C10: =B10*443/100 -> 443 | D10: =B10*8.1/100 -> 8.1 | E10: =B10*12/100 -> 12 | F10: =B10*3.9/100 -> 3.9 | G10: =B10*3.7/100 -> 3.7 | H10: =B10*2.2/100 -> 2.2 | I10: =B10*2.13/100 -> 2.13 | J10: =B10*0.1/100 -> 0.1 | K10: NA | L10: =B10*75.2/100 -> 75.2 | M10: =B10*2.1/100 -> 2.1 | N10: =B10*54/100 -> 54 | O10: =B10*37/100 -> 37 | Q10: =B10*166/100 -> 166 | R10: =B10*1.8/100 -> 1.8 | S10: =B10*352/100 -> 352 | T10: =B10*142/100 -> 142 | U10: =B10*0.17/100 -> 0.17 | V10: =B10*1/100 -> 1 | W10: NA | X10: =B10*1.01/100 -> 1.01 | Y10: =B10*0.42/100 -> 0.42 | AA10: =B10*3.91/100 -> 3.91
A11: Biscoito, doce, recheado com chocolate | B11: 100 | C11: =B11*472/100 -> 472 | D11: =B11*6.4/100 -> 6.4 | E11: =B11*19.6/100 -> 19.6 | F11: =B11*6.2/100 -> 6.2 | G11: =B11*6.6/100 -> 6.6 | H11: =B11*1.7/100 -> 1.7 | I11: =B11*1.68/100 -> 1.68 | J11: =B11*0.06/100 -> 0.06 | K11: Tr | L11: =B11*70.5/100 -> 70.5 | M11: =B11*3/100 -> 3 | N11: =B11*27/100 -> 27 | O11: =B11*48/100 -> 48 | Q11: =B11*139/100 -> 139 | R11: =B11*2.3/100 -> 2.3 | S11: =B11*239/100 -> 239 | T11: =B11*232/100 -> 232 | U11: =B11*0.27/100 -> 0.27 | V11: =B11*1/100 -> 1 | W11: Tr | X11: =B11*0.32/100 -> 0.32 | Y11: =B11*0.39/100 -> 0.39 | Z11: =B11*0.46/100 -> 0.46 | AA11: =B11*2.52/100 -> 2.52
A12: Biscoito, doce, recheado com morango | B12: 100 | C12: =B12*471/100 -> 471 | D12: =B12*5.7/100 -> 5.7 | E12: =B12*19.6/100 -> 19.6 | F12: =B12*6.1/100 -> 6.1 | G12: =B12*6.5/100 -> 6.5 | H12: =B12*1.7/100 -> 1.7 | I12: =B12*1.61/100 -> 1.61 | J12: =B12*0.06/100 -> 0.06 | L12: =B12*71/100 -> 71 | M12: =B12*1.5/100 -> 1.5 | N12: =B12*36/100 -> 36 | O12: =B12*27/100 -> 27 | Q12: =B12*138/100 -> 138 | R12: =B12*1.5/100 -> 1.5 | S12: =B12*230/100 -> 230 | T12: =B12*113/100 -> 113 | U12: =B12*0.13/100 -> 0.13 | V12: =B12*0.7/100 -> 0.7 | W12: Tr | X12: =B12*0.9/100 -> 0.9 | Y12: =B12*0.42/100 -> 0.42 | Z12: =B12*0.21/100 -> 0.21 | AA12: =B12*1.5/100 -> 1.5
A13: Biscoito, doce, wafer, recheado de chocolate | B13: 100 | C13: =B13*502/100 -> 502 | D13: =B13*5.6/100 -> 5.6 | E13: =B13*24.7/100 -> 24.7 | F13: =B13*6.5/100 -> 6.5 | G13: =B13*8.1/100 -> 8.1 | H13: =B13*1.9/100 -> 1.9 | I13: =B13*1.84/100 -> 1.84 | J13: =B13*0.09/100 -> 0.09 | K13: Tr | L13: =B13*67.5/100 -> 67.5 | M13: =B13*1.8/100 -> 1.8 | N13: =B13*23/100 -> 23 | O13: =B13*48/100 -> 48 | Q13: =B13*124/100 -> 124 | R13: =B13*2.4/100 -> 2.4 | S13: =B13*137/100 -> 137 | T13: =B13*240/100 -> 240 | U13: =B13*0.26/100 -> 0.26 | V13: =B13*0.9/100 -> 0.9 | W13: Tr | X13: =B13*0.37/100 -> 0.37 | Y13: =B13*0.03/100 -> 0.03 | Z13: =B13*0.3/100 -> 0.3 | AA13: =B13*1.12/100 -> 1.12
A14: Biscoito, doce, wafer recheado de morango | B14: 100 | C14: =B14*513/100 -> 513 | D14: =B14*4.5/100 -> 4.5 | E14: =B14*26.4/100 -> 26.4 | F14: =B14*6.7/100 -> 6.7 | G14: =B14*8.9/100 -> 8.9 | H14: =B14*1.8/100 -> 1.8 | I14: =B14*1.77/100 -> 1.77 | J14: =B14*0.08/100 -> 0.08 | L14: =B14*67.4/100 -> 67.4 | M14: =B14*0.8/100 -> 0.8 | N14: =B14*14/100 -> 14 | O14: =B14*19/100 -> 19 | Q14: =B14*73/100 -> 73 | R14: =B14*1.1/100 -> 1.1 | S14: =B14*120/100 -> 120 | T14: =B14*75/100 -> 75 | U14: =B14*0.08/100 -> 0.08 | V14: =B14*0.5/100 -> 0.5 | W14: Tr | X14: =B14*0.36/100 -> 0.36 | Y14: Tr | Z14: =B14*0.94/100 -> 0.94 | AA14: =B14*0.37/100 -> 0.37
A15: Biscoito, salgado, cream craker | B15: 100 | C15: =B15*432/100 -> 432 | D15: =B15*10.1/100 -> 10.1 | E15: =B15*14.4/100 -> 14.4 | F15: =B15*4.4/100 -> 4.4 | G15: =B15*4.6/100 -> 4.6 | H15: =B15*2.9/100 -> 2.9 | I15: =B15*2.79/100 -> 2.79 | J15: =B15*0.01/100 -> 0.01 | L15: =B15*68.7/100 -> 68.7 | M15: =B15*2.5/100 -> 2.5 | N15: =B15*20/100 -> 20 | O15: =B15*40/100 -> 40 | Q15: =B15*148/100 -> 148 | R15: =B15*2.2/100 -> 2.2 | S15: =B15*854/100 -> 854 | T15: =B15*181/100 -> 181 | U15: =B15*0.18/100 -> 0.18 | V15: =B15*1.1/100 -> 1.1 | W15: NA | X15: =B15*0.71/100 -> 0.71 | Y15: =B15*0.13/100 -> 0.13 | Z15: =B15*0.17/100 -> 0.17 | AA15: =B15*7.14/100 -> 7.14
A16: Bolo, mistura para | B16: 100 | C16: =B16*419/100 -> 419 | D16: =B16*6.2/100 -> 6.2 | E16: =B16*6.1/100 -> 6.1 | F16: =B16*2.2/100 -> 2.2 | G16: =B16*1.7/100 -> 1.7 | H16: =B16*0.8/100 -> 0.8 | I16: =B16*0.8/100 -> 0.8 | J16: =B16*0.04/100 -> 0.04 | K16: Tr | L16: =B16*84.7/100 -> 84.7 | M16: =B16*1.7/100 -> 1.7 | N16: =B16*59/100 -> 59 | O16: =B16*28/100 -> 28 | Q16: =B16*333/100 -> 333 | R16: =B16*1.2/100 -> 1.2 | S16: =B16*463/100 -> 463 | T16: 0 | U16: =B16*1.15/100 -> 1.15 | V16: =B16*0.6/100 -> 0.6 | W16: NA | X16: =B16*0.18/100 -> 0.18 | Y16: Tr | Z16: =B16*1.5/100 -> 1.5 | AA16: =B16*1.52/100 -> 1.52
A17: Bolo, pronto, aipim | B17: 100 | C17: =B17*324/100 -> 324 | D17: =B17*4.4/100 -> 4.4 | E17: =B17*12.7/100 -> 12.7 | F17: =B17*5/100 -> 5 | G17: =B17*3.9/100 -> 3.9 | H17: =B17*1.1/100 -> 1.1 | I17: =B17*1/100 -> 1 | J17: =B17*0.06/100 -> 0.06 | K17: =B17*73/100 -> 73 | L17: =B17*47.9/100 -> 47.9 | M17: =B17*0.7/100 -> 0.7 | N17: =B17*85/100 -> 85 | O17: =B17*10/100 -> 10 | P17: =B17*0.11/100 -> 0.11 | Q17: =B17*122/100 -> 122 | R17: =B17*0.5/100 -> 0.5 | S17: =B17*111/100 -> 111 | T17: =B17*135/100 -> 135 | U17: =B17*0.05/100 -> 0.05 | V17: =B17*0.4/100 -> 0.4 | W17: Tr | X17: =B17*0.13/100 -> 0.13 | Y17: =B17*0.07/100 -> 0.07 | Z17: Tr | AA17: Tr | AB17: Tr
A18: Bolo, pronto, chocolate | B18: 100 | C18: =B18*410/100 -> 410 | D18: =B18*6.2/100 -> 6.2 | E18: =B18*18.2/100 -> 18.2 | F18: =B18*5.5/100 -> 5.5 | G18: =B18*6.2/100 -> 6.2 | H18: =B18*3/100 -> 3 | I18: =B18*2.83/100 -> 2.83 | J18: =B18*0.04/100 -> 0.04 | K18: =B18*77/100 -> 77 | L18: =B18*54.7/100 -> 54.7 | M18: =B18*1.4/100 -> 1.4 | N18: =B18*75/100 -> 75 | O18: =B18*28/100 -> 28 | P18: =B18*0.38/100 -> 0.38 | Q18: =B18*197/100 -> 197 | R18: =B18*2.1/100 -> 2.1 | S18: =B18*283/100 -> 283 | T18: =B18*212/100 -> 212 | U18: =B18*0.05/100 -> 0.05 | V18: =B18*0.7/100 -> 0.7 | W18: Tr | Y18: =B18*0.09/100 -> 0.09 | Z18: =B18*0.05/100 -> 0.05 | AA18: Tr | AB18: Tr
A19: Bolo, pronto, coco | B19: 100 | C19: =B19*333/100 -> 333 | D19: =B19*5.7/100 -> 5.7 | E19: =B19*11.3/100 -> 11.3 | F19: =B19*4.9/100 -> 4.9 | G19: =B19*3/100 -> 3 | H19: =B19*1.8/100 -> 1.8 | I19: =B19*1.69/100 -> 1.69 | J19: =B19*0.06/100 -> 0.06 | K19: =B19*63/100 -> 63 | L19: =B19*52.3/100 -> 52.3 | M19: =B19*1.1/100 -> 1.1 | N19: =B19*57/100 -> 57 | O19: =B19*16/100 -> 16 | P19: =B19*0.4/100 -> 0.4 | Q19: =B19*303/100 -> 303 | R19: =B19*0.8/100 -> 0.8 | S19: =B19*190/100 -> 190 | T19: =B19*143/100 -> 143 | U19: =B19*0.09/100 -> 0.09 | V19: =B19*0.7/100 -> 0.7 | W19: Tr | X19: =B19*0.15/100 -> 0.15 | Y19: =B19*0.06/100 -> 0.06 | Z19: Tr | AA19: Tr | AB19: Tr
A20: Bolo, pronto, milho | B20: 100 | C20: =B20*311/100 -> 311 | D20: =B20*4.8/100 -> 4.8 | E20: =B20*12.4/100 -> 12.4 | F20: =B20*4.5/100 -> 4.5 | G20: =B20*3.9/100 -> 3.9 | H20: =B20*1.5/100 -> 1.5 | I20: =B20*1.34/100 -> 1.34 | J20: =B20*0.08/100 -> 0.08 | K20: =B20*82/100 -> 82 | L20: =B20*45.1/100 -> 45.1 | M20: =B20*0.7/100 -> 0.7 | N20: =B20*83/100 -> 83 | O20: =B20*10/100 -> 10 | P20: =B20*0.11/100 -> 0.11 | Q20: =B20*128/100 -> 128 | R20: =B20*0.7/100 -> 0.7 | S20: =B20*134/100 -> 134 | T20: =B20*118/100 -> 118 | U20: =B20*0.04/100 -> 0.04 | V20: =B20*0.4/100 -> 0.4 | W20: =B20*57/100 -> 57 | X20: =B20*0.11/100 -> 0.11 | Y20: =B20*0.05/100 -> 0.05 | Z20: Tr | AA20: Tr | AB20: Tr
A21: Canjica, branca, crua | B21: 100 | C21: =B21*358/100 -> 358 | D21: =B21*7.2/100 -> 7.2 | E21: =B21*1/100 -> 1 | F21: =B21*0.3/100 -> 0.3 | G21: =B21*0.2/100 -> 0.2 | H21: =B21*0.4/100 -> 0.4 | I21: =B21*0.38/100 -> 0.38 | J21: =B21*0.01/100 -> 0.01 | K21: NA | L21: =B21*78.1/100 -> 78.1 | M21: =B21*5.5/100 -> 5.5 | N21: =B21*2/100 -> 2 | O21: =B21*12/100 -> 12 | P21: =B21*0.09/100 -> 0.09 | Q21: =B21*48/100 -> 48 | R21: =B21*0.3/100 -> 0.3 | S21: =B21*1/100 -> 1 | T21: =B21*93/100 -> 93 | U21: =B21*0.05/100 -> 0.05 | V21: =B21*0.4/100 -> 0.4 | W21: NA | X21: Tr | Y21: Tr | Z21: Tr | AA21: Tr | AB21: Tr
A22: Cereais, milho, flocos, com sal | B22: 100 | C22: =B22*370/100 -> 370 | D22: =B22*7.3/100 -> 7.3 | E22: =B22*1.6/100 -> 1.6 | F22: =B22*0.5/100 -> 0.5 | G22: =B22*0.6/100 -> 0.6 | H22: =B22*0.9/100 -> 0.9 | I22: =B22*0.89/100 -> 0.89 | J22: =B22*0.03/100 -> 0.03 | K22: NA | L22: =B22*80.8/100 -> 80.8 | M22: =B22*5.3/100 -> 5.3 | N22: =B22*2/100 -> 2 | O22: =B22*20/100 -> 20 | P22: Tr | Q22: =B22*91/100 -> 91 | R22: =B22*0.5/100 -> 0.5 | S22: =B22*272/100 -> 272 | T22: =B22*69/100 -> 69 | U22: Tr | V22: =B22*0.6/100 -> 0.6 | W22: NA | X22: =B22*0.12/100 -> 0.12 | Y22: Tr | Z22: =B22*0.06/100 -> 0.06 | AA22: Tr | AB22: Tr
A23: Cereais, milho, flocos, sem sal | B23: 100 | C23: =B23*363/100 -> 363 | D23: =B23*6.9/100 -> 6.9 | E23: =B23*1.2/100 -> 1.2 | F23: =B23*0.3/100 -> 0.3 | G23: =B23*0.3/100 -> 0.3 | H23: =B23*0.6/100 -> 0.6 | I23: =B23*0.6/100 -> 0.6 | J23: =B23*0.02/100 -> 0.02 | K23: NA | L23: =B23*80.4/100 -> 80.4 | M23: =B23*1.8/100 -> 1.8 | N23: =B23*2/100 -> 2 | O23: =B23*17/100 -> 17 | P23: Tr | Q23: =B23*58/100 -> 58 | R23: =B23*1.7/100 -> 1.7 | S23: =B23*31/100 -> 31 | T23: =B23*29/100 -> 29 | U23: =B23*0.24/100 -> 0.24 | V23: =B23*0.3/100 -> 0.3 | W23: NA | X23: =B23*0.05/100 -> 0.05 | Y23: Tr | Z23: =B23*0.04/100 -> 0.04 | AA23: Tr | AB23: Tr
A24: Cereais, mingau, milho, infantil | B24: 100 | C24: =B24*394/100 -> 394 | D24: =B24*6.4/100 -> 6.4 | E24: =B24*1.1/100 -> 1.1 | F24: =B24*0.3/100 -> 0.3 | G24: =B24*0.3/100 -> 0.3 | H24: =B24*0.5/100 -> 0.5 | I24: =B24*0.45/100 -> 0.45 | J24: =B24*0.01/100 -> 0.01 | K24: NA | L24: =B24*87.3/100 -> 87.3 | M24: =B24*3.2/100 -> 3.2 | N24: =B24*219/100 -> 219 | O24: =B24*16/100 -> 16 | Q24: =B24*169/100 -> 169 | R24: =B24*3/100 -> 3 | S24: =B24*399/100 -> 399 | T24: =B24*82/100 -> 82 | U24: =B24*0.04/100 -> 0.04 | V24: =B24*0.4/100 -> 0.4 | W24: =B24*21/100 -> 21 | X24: =B24*3.72/100 -> 3.72 | Y24: =B24*0.47/100 -> 0.47 | Z24: =B24*5.08/100 -> 5.08 | AA24: =B24*24.16/100 -> 24.16 | AB24: =B24*109.4/100 -> 109.4
A25: Cereais, mistura para vitamina, trigo, cevada e aveia | B25: 100 | C25: =B25*381/100 -> 381 | D25: =B25*8.9/100 -> 8.9 | E25: =B25*2.1/100 -> 2.1 | F25: =B25*0.5/100 -> 0.5 | G25: =B25*0.4/100 -> 0.4 | H25: =B25*1/100 -> 1 | I25: =B25*0.43/100 -> 0.43 | J25: =B25*0.01/100 -> 0.01 | K25: NA | L25: =B25*81.6/100 -> 81.6 | M25: =B25*5/100 -> 5 | N25: =B25*584/100 -> 584 | O25: =B25*72/100 -> 72 | P25: =B25*2.28/100 -> 2.28 | Q25: =B25*515/100 -> 515 | R25: =B25*12.6/100 -> 12.6 | S25: =B25*1163/100 -> 1163 | T25: =B25*244/100 -> 244 | U25: =B25*0.21/100 -> 0.21 | V25: =B25*2/100 -> 2 | W25: Tr | X25: =B25*0.76/100 -> 0.76 | Y25: =B25*0.88/100 -> 0.88 | Z25: =B25*1.49/100 -> 1.49 | AA25: =B25*7.46/100 -> 7.46
A26: Cereal matinal, milho | B26: 100 | C26: =B26*365/100 -> 365 | D26: =B26*7.2/100 -> 7.2 | E26: =B26*1/100 -> 1 | K26: NA | L26: =B26*83.8/100 -> 83.8 | M26: =B26*4.1/100 -> 4.1 | N26: =B26*143/100 -> 143 | O26: =B26*11/100 -> 11 | Q26: =B26*101/100 -> 101 | R26: =B26*3.1/100 -> 3.1 | S26: =B26*655/100 -> 655 | T26: =B26*83/100 -> 83 | U26: =B26*0.06/100 -> 0.06 | V26: =B26*7.6/100 -> 7.6 | W26: NA | X26: =B26*0.76/100 -> 0.76 | Y26: =B26*1.02/100 -> 1.02 | Z26: =B26*2.25/100 -> 2.25 | AA26: =B26*11.04/100 -> 11.04
A27: Cereal matinal, milho, açúcar | B27: 100 | C27: =B27*377/100 -> 377 | D27: =B27*4.7/100 -> 4.7 | E27: =B27*0.7/100 -> 0.7 | K27: NA | L27: =B27*88.8/100 -> 88.8 | M27: =B27*2.1/100 -> 2.1 | N27: =B27*56/100 -> 56 | O27: =B27*8/100 -> 8 | Q27: =B27*43/100 -> 43 | R27: =B27*3.9/100 -> 3.9 | S27: =B27*405/100 -> 405 | T27: =B27*52/100 -> 52 | U27: =B27*0.04/100 -> 0.04 | V27: =B27*8.5/100 -> 8.5 | W27: NA | X27: =B27*0.73/100 -> 0.73 | Y27: =B27*1.11/100 -> 1.11 | Z27: =B27*0.79/100 -> 0.79 | AA27: =B27*10.13/100 -> 10.13
A28: Creme, de arroz, pó | B28: 100 | C28: =B28*386/100 -> 386 | D28: =B28*7/100 -> 7 | E28: =B28*1.2/100 -> 1.2 | F28: =B28*0.4/100 -> 0.4 | G28: =B28*0.3/100 -> 0.3 | H28: =B28*0.4/100 -> 0.4 | I28: =B28*0.43/100 -> 0.43 | J28: =B28*0.01/100 -> 0.01 | K28: NA | L28: =B28*83.9/100 -> 83.9 | M28: =B28*1.1/100 -> 1.1 | N28: =B28*7/100 -> 7 | O28: =B28*51/100 -> 51 | P28: =B28*1.24/100 -> 1.24 | Q28: =B28*153/100 -> 153 | R28: =B28*0.6/100 -> 0.6 | S28: =B28*1/100 -> 1 | T28: =B28*115/100 -> 115 | U28: =B28*0.04/100 -> 0.04 | V28: =B28*1.9/100 -> 1.9 | W28: NA | X28: =B28*0.22/100 -> 0.22 | Y28: Tr | Z28: =B28*0.05/100 -> 0.05 | AA28: Tr | AB28: Tr
A29: Creme, de milho, pó | B29: 100 | C29: =B29*333/100 -> 333 | D29: =B29*4.8/100 -> 4.8 | E29: =B29*1.6/100 -> 1.6 | F29: =B29*0.3/100 -> 0.3 | G29: =B29*0.5/100 -> 0.5 | H29: =B29*0.8/100 -> 0.8 | I29: =B29*0.75/100 -> 0.75 | J29: =B29*0.02/100 -> 0.02 | K29: NA | L29: =B29*86.1/100 -> 86.1 | M29: =B29*3.7/100 -> 3.7 | N29: =B29*323/100 -> 323 | O29: =B29*30/100 -> 30 | P29: =B29*0.2/100 -> 0.2 | Q29: =B29*303/100 -> 303 | R29: =B29*4.3/100 -> 4.3 | S29: =B29*594/100 -> 594 | T29: =B29*166/100 -> 166 | U29: =B29*0.04/100 -> 0.04 | V29: =B29*0.8/100 -> 0.8 | W29: NA | X29: =B29*0.74/100 -> 0.74 | Y29: Tr | Z29: =B29*2.05/100 -> 2.05 | AA29: Tr | AB29: =B29*96.3/100 -> 96.3
A30: Curau, milho verde, pó | B30: 100 | C30: =B30*402/100 -> 402 | D30: =B30*2.2/100 -> 2.2 | E30: =B30*13.4/100 -> 13.4 | F30: =B30*3/100 -> 3 | G30: =B30*4.9/100 -> 4.9 | H30: =B30*1.4/100 -> 1.4 | I30: =B30*1.38/100 -> 1.38 | J30: =B30*0.03/100 -> 0.03 | K30: NA | L30: =B30*79.8/100 -> 79.8 | M30: =B30*2.5/100 -> 2.5 | N30: =B30*31/100 -> 31 | O30: =B30*9/100 -> 9 | P30: =B30*0.05/100 -> 0.05 | Q30: =B30*45/100 -> 45 | R30: =B30*0.9/100 -> 0.9 | S30: =B30*223/100 -> 223 | T30: =B30*55/100 -> 55 | U30: =B30*0.03/100 -> 0.03 | V30: =B30*0.2/100 -> 0.2 | W30: NA | X30: =B30*0.13/100 -> 0.13 | Y30: Tr | Z30: Tr | AA30: Tr | AB30: Tr
A31: Farinha, de arroz, enrriquecida | B31: 100 | C31: =B31*363/100 -> 363 | D31: =B31*1.3/100 -> 1.3 | E31: =B31*0.3/100 -> 0.3 | F31: =B31*0.2/100 -> 0.2 | G31: =B31*0.1/100 -> 0.1 | H31: =B31*0.2/100 -> 0.2 | I31: =B31*0.17/100 -> 0.17 | J31: =B31*0.01/100 -> 0.01 | K31: NA | L31: =B31*85.5/100 -> 85.5 | M31: =B31*0.6/100 -> 0.6 | N31: =B31*1/100 -> 1 | O31: =B31*4/100 -> 4 | P31: =B31*0.04/100 -> 0.04 | Q31: =B31*36/100 -> 36 | R31: =B31*31.4/100 -> 31.4 | S31: =B31*17/100 -> 17 | T31: =B31*13/100 -> 13 | U31: Tr | V31: =B31*8.5/100 -> 8.5 | W31: NA | X31: =B31*3.23/100 -> 3.23 | Y31: Tr | Z31: =B31*3.47/100 -> 3.47 | AA31: =B31*24.42/100 -> 24.42 | AB31: =B31*173.6/100 -> 173.6
A32: Farinha, de centeio, integral | B32: 100 | C32: =B32*336/100 -> 336 | D32: =B32*12.5/100 -> 12.5 | E32: =B32*1.8/100 -> 1.8 | F32: =B32*0.3/100 -> 0.3 | G32: =B32*0.3/100 -> 0.3 | H32: =B32*0.8/100 -> 0.8 | I32: =B32*0.73/100 -> 0.73 | J32: =B32*0.06/100 -> 0.06 | K32: NA | L32: =B32*73.3/100 -> 73.3 | M32: =B32*15.5/100 -> 15.5 | N32: =B32*34/100 -> 34 | O32: =B32*120/100 -> 120 | P32: =B32*3.86/100 -> 3.86 | Q32: =B32*340/100 -> 340 | R32: =B32*4.7/100 -> 4.7 | S32: =B32*41/100 -> 41 | T32: =B32*334/100 -> 334 | U32: =B32*0.56/100 -> 0.56 | V32: =B32*2.7/100 -> 2.7 | W32: NA | X32: =B32*0.29/100 -> 0.29 | Y32: =B32*0.03/100 -> 0.03 | Z32: =B32*0.08/100 -> 0.08 | AA32: Tr | AB32: Tr
A33: Farinha, de milho, amarela | B33: 100 | C33: =B33*351/100 -> 351 | D33: =B33*7.2/100 -> 7.2 | E33: =B33*1.5/100 -> 1.5 | F33: =B33*0.4/100 -> 0.4 | G33: =B33*0.4/100 -> 0.4 | H33: =B33*0.6/100 -> 0.6 | I33: =B33*0.63/100 -> 0.63 | J33: =B33*0.02/100 -> 0.02 | K33: NA | L33: =B33*79.1/100 -> 79.1 | M33: =B33*5.5/100 -> 5.5 | N33: =B33*1/100 -> 1 | O33: =B33*31/100 -> 31 | P33: Tr | Q33: =B33*84/100 -> 84 | R33: =B33*2.3/100 -> 2.3 | S33: =B33*45/100 -> 45 | T33: =B33*58/100 -> 58 | U33: =B33*0.27/100 -> 0.27 | V33: =B33*0.6/100 -> 0.6 | W33: NA | X33: =B33*0.25/100 -> 0.25 | Y33: Tr | Z33: =B33*0.25/100 -> 0.25 | AA33: Tr | AB33: Tr
A34: Farinha, de rosca | B34: 100 | C34: =B34*371/100 -> 371 | D34: =B34*11.4/100 -> 11.4 | E34: =B34*1.5/100 -> 1.5 | F34: =B34*0.6/100 -> 0.6 | G34: =B34*0.4/100 -> 0.4 | H34: =B34*0.8/100 -> 0.8 | I34: =B34*0.74/100 -> 0.74 | J34: =B34*0.05/100 -> 0.05 | K34: NA | L34: =B34*75.8/100 -> 75.8 | M34: =B34*4.8/100 -> 4.8 | N34: =B34*35/100 -> 35 | O34: =B34*57/100 -> 57 | P34: =B34*1.62/100 -> 1.62 | Q34: =B34*195/100 -> 195 | R34: =B34*6.7/100 -> 6.7 | S34: =B34*333/100 -> 333 | T34: =B34*212/100 -> 212 | U34: =B34*0.26/100 -> 0.26 | V34: =B34*1.7/100 -> 1.7 | W34: NA | X34: =B34*0.25/100 -> 0.25 | Y34: Tr | Z34: =B34*0.09/100 -> 0.09 | AA34: Tr | AB34: Tr
A35: Farinha, de trigo | B35: 100 | C35: =B35*360/100 -> 360 | D35: =B35*9.8/100 -> 9.8 | E35: =B35*1.4/100 -> 1.4 | K35: NA | L35: =B35*75.1/100 -> 75.1 | M35: =B35*2.3/100 -> 2.3 | N35: =B35*18/100 -> 18 | O35: =B35*31/100 -> 31 | Q35: =B35*115/100 -> 115 | R35: =B35*1/100 -> 1 | S35: =B35*1/100 -> 1 | T35: =B35*151/100 -> 151 | U35: =B35*0.15/100 -> 0.15 | V35: =B35*0.8/100 -> 0.8 | W35: NA | X35: =B35*0.31/100 -> 0.31 | Y35: Tr | AA35: =B35*0.89/100 -> 0.89
A36: Farinha, láctea, de cereais | B36: 100 | C36: =B36*415/100 -> 415 | D36: =B36*11.9/100 -> 11.9 | E36: =B36*5.8/100 -> 5.8 | F36: =B36*3.3/100 -> 3.3 | G36: =B36*1.4/100 -> 1.4 | H36: =B36*0.6/100 -> 0.6 | I36: =B36*0.59/100 -> 0.59 | J36: =B36*0.03/100 -> 0.03 | K36: =B36*11/100 -> 11 | L36: =B36*77.8/100 -> 77.8 | M36: =B36*1.9/100 -> 1.9 | N36: =B36*196/100 -> 196 | O36: =B36*58/100 -> 58 | Q36: =B36*296/100 -> 296 | R36: =B36*8.7/100 -> 8.7 | S36: =B36*125/100 -> 125 | T36: =B36*366/100 -> 366 | U36: =B36*0.19/100 -> 0.19 | V36: =B36*1.7/100 -> 1.7 | W36: =B36*492/100 -> 492 | X36: =B36*1.43/100 -> 1.43 | Y36: =B36*1.13/100 -> 1.13 | Z36: =B36*1.14/100 -> 1.14 | AA36: =B36*9.5/100 -> 9.5
A37: Lasanha, massa fresca, cozida | B37: 100 | C37: =B37*164/100 -> 164 | D37: =B37*5.8/100 -> 5.8 | E37: =B37*1.2/100 -> 1.2 | F37: =B37*0.6/100 -> 0.6 | G37: =B37*0.4/100 -> 0.4 | H37: =B37*0.1/100 -> 0.1 | I37: =B37*0.1/100 -> 0.1 | K37: NA | L37: =B37*32.5/100 -> 32.5 | M37: =B37*1.6/100 -> 1.6 | N37: =B37*10/100 -> 10 | O37: =B37*4/100 -> 4 | P37: =B37*0.2/100 -> 0.2 | Q37: =B37*42/100 -> 42 | R37: =B37*1.2/100 -> 1.2 | S37: =B37*207/100 -> 207 | T37: =B37*54/100 -> 54 | U37: =B37*0.07/100 -> 0.07 | V37: =B37*0.4/100 -> 0.4 | W37: NA | X37: =B37*0.04/100 -> 0.04 | Y37: Tr | Z37: Tr | AA37: =B37*3.96/100 -> 3.96
A38: Lasanha, massa fresca, crua | B38: 100 | C38: =B38*220/100 -> 220 | D38: =B38*7/100 -> 7 | E38: =B38*1.3/100 -> 1.3 | F38: =B38*0.5/100 -> 0.5 | G38: =B38*0.4/100 -> 0.4 | H38: =B38*0.4/100 -> 0.4 | I38: =B38*0.38/100 -> 0.38 | J38: =B38*0.01/100 -> 0.01 | K38: NA | L38: =B38*45.1/100 -> 45.1 | M38: =B38*1.6/100 -> 1.6 | N38: =B38*17/100 -> 17 | O38: =B38*13/100 -> 13 | P38: =B38*0.34/100 -> 0.34 | Q38: =B38*82/100 -> 82 | R38: =B38*1.9/100 -> 1.9 | S38: =B38*667/100 -> 667 | T38: =B38*137/100 -> 137 | U38: =B38*0.1/100 -> 0.1 | V38: =B38*0.8/100 -> 0.8 | W38: NA | X38: =B38*0.08/100 -> 0.08 | Y38: Tr | Z38: Tr | AA38: Tr
A39: Macarrão, instantâneo | B39: 100 | C39: =B39*436/100 -> 436 | D39: =B39*8.8/100 -> 8.8 | E39: =B39*17.2/100 -> 17.2 | K39: NA | L39: =B39*62.4/100 -> 62.4 | M39: =B39*5.6/100 -> 5.6 | N39: =B39*18/100 -> 18 | O39: =B39*19/100 -> 19 | Q39: =B39*112/100 -> 112 | R39: =B39*0.8/100 -> 0.8 | S39: =B39*1516/100 -> 1516 | T39: =B39*148/100 -> 148 | U39: =B39*0.1/100 -> 0.1 | V39: =B39*0.5/100 -> 0.5 | W39: NA | X39: =B39*1.18/100 -> 1.18 | Y39: =B39*0.04/100 -> 0.04 | Z39: =B39*0.53/100 -> 0.53 | AA39: =B39*9.37/100 -> 9.37
A40: Macarrão, trigo, cru | B40: 100 | C40: =B40*371/100 -> 371 | D40: =B40*10/100 -> 10 | E40: =B40*1.3/100 -> 1.3 | K40: NA | L40: =B40*77.9/100 -> 77.9 | M40: =B40*2.9/100 -> 2.9 | N40: =B40*17/100 -> 17 | O40: =B40*28/100 -> 28 | Q40: =B40*100/100 -> 100 | R40: =B40*0.9/100 -> 0.9 | S40: =B40*7/100 -> 7 | T40: =B40*147/100 -> 147 | U40: =B40*0.15/100 -> 0.15 | V40: =B40*0.8/100 -> 0.8 | W40: NA | X40: =B40*0.18/100 -> 0.18 | Y40: =B40*0.02/100 -> 0.02 | Z40: Tr | AA40: =B40*3.57/100 -> 3.57
A41: Macarrão, trigo, cru, com ovos | B41: 100 | C41: =B41*371/100 -> 371 | D41: =B41*10.3/100 -> 10.3 | E41: =B41*2/100 -> 2 | K41: =B41*18/100 -> 18 | L41: =B41*76.6/100 -> 76.6 | M41: =B41*2.3/100 -> 2.3 | N41: =B41*19/100 -> 19 | O41: Tr | Q41: =B41*118/100 -> 118 | R41: =B41*0.9/100 -> 0.9 | S41: =B41*15/100 -> 15 | T41: =B41*134/100 -> 134 | U41: =B41*0.14/100 -> 0.14 | V41: =B41*0.8/100 -> 0.8 | W41: Tr | X41: =B41*0.11/100 -> 0.11 | Y41: =B41*0.05/100 -> 0.05 | Z41: =B41*0.03/100 -> 0.03 | AA41: =B41*4.37/100 -> 4.37
A42: Milho, amido, cru | B42: 100 | C42: =B42*361/100 -> 361 | D42: =B42*0.6/100 -> 0.6 | E42: Tr | K42: NA | L42: =B42*87.1/100 -> 87.1 | M42: =B42*0.7/100 -> 0.7
A43: Milho, fuba, cru | B43: 100 | C43: =B43*353/100 -> 353 | D43: =B43*7.2/100 -> 7.2 | E43: =B43*1.9/100 -> 1.9 | K43: NA | L43: =B43*78.9/100 -> 78.9 | M43: =B43*4.7/100 -> 4.7 | N43: =B43*3/100 -> 3 | O43: =B43*41/100 -> 41 | Q43: =B43*108/100 -> 108 | R43: =B43*0.9/100 -> 0.9 | S43: Tr | T43: =B43*168/100 -> 168 | U43: =B43*0.08/100 -> 0.08 | V43: =B43*1.1/100 -> 1.1 | W43: NA | X43: =B43*0.25/100 -> 0.25 | Y43: Tr | Z43: Tr | AA43: =B43*0.75/100 -> 0.75
A44: Miho, verde, cru | B44: 100 | C44: =B44*138/100 -> 138 | D44: =B44*6.6/100 -> 6.6 | E44: =B44*0.6/100 -> 0.6 | F44: =B44*0.2/100 -> 0.2 | G44: =B44*0.2/100 -> 0.2 | H44: =B44*0.6/100 -> 0.6 | I44: =B44*0.53/100 -> 0.53 | J44: =B44*0.02/100 -> 0.02 | K44: NA | L44: =B44*28.6/100 -> 28.6 | M44: =B44*3.9/100 -> 3.9 | N44: =B44*2/100 -> 2 | O44: =B44*33/100 -> 33 | P44: =B44*0.12/100 -> 0.12 | Q44: =B44*113/100 -> 113 | R44: =B44*0.4/100 -> 0.4 | S44: =B44*1/100 -> 1 | T44: =B44*185/100 -> 185 | U44: =B44*0.05/100 -> 0.05 | V44: =B44*0.5/100 -> 0.5 | W44: NA | X44: =B44*0.3/100 -> 0.3 | Y44: Tr | Z44: =B44*0.04/100 -> 0.04 | AA44: Tr | AB44: Tr
A45: Milho, verde, enlatado, drenado | B45: 100 | C45: =B45*98/100 -> 98 | D45: =B45*3.2/100 -> 3.2 | E45: =B45*2.4/100 -> 2.4 | F45: =B45*0.6/100 -> 0.6 | G45: =B45*0.8/100 -> 0.8 | H45: =B45*0.9/100 -> 0.9 | I45: =B45*0.88/100 -> 0.88 | J45: =B45*0.03/100 -> 0.03 | K45: NA | L45: =B45*17.1/100 -> 17.1 | M45: =B45*4.6/100 -> 4.6 | N45: =B45*2/100 -> 2 | O45: =B45*20/100 -> 20 | Q45: =B45*61/100 -> 61 | R45: =B45*0.6/100 -> 0.6 | S45: =B45*260/100 -> 260 | T45: =B45*162/100 -> 162 | U45: =B45*0.05/100 -> 0.05 | V45: =B45*0.5/100 -> 0.5 | W45: NA | X45: Tr | Y45: =B45*0.05/100 -> 0.05 | Z45: Tr | AA45: =B45*3.74/100 -> 3.74
A46: Mingau tradicional, pó | B46: 100 | C46: =B46*373/100 -> 373 | D46: =B46*0.6/100 -> 0.6 | E46: =B46*0.4/100 -> 0.4 | F46: =B46*0.1/100 -> 0.1 | G46: Tr | H46: =B46*0.1/100 -> 0.1 | I46: =B46*0.13/100 -> 0.13 | J46: =B46*0.01/100 -> 0.01 | K46: NA | L46: =B46*89.3/100 -> 89.3 | M46: =B46*0.9/100 -> 0.9 | N46: =B46*522/100 -> 522 | O46: =B46*4/100 -> 4 | P46: Tr | Q46: =B46*273/100 -> 273 | R46: =B46*42/100 -> 42 | S46: =B46*15/100 -> 15 | T46: Tr | U46: Tr | V46: =B46*15.2/100 -> 15.2 | W46: =B46*1533/100 -> 1533 | X46: =B46*3.41/100 -> 3.41 | Y46: Tr | Z46: =B46*3.11/100 -> 3.11 | AA46: =B46*19.39/100 -> 19.39 | AB46: Tr
A47: Pamonha, barra para cozimento, pré-cozida | B47: 100 | C47: =B47*171/100 -> 171 | D47: =B47*2.6/100 -> 2.6 | E47: =B47*4.8/100 -> 4.8 | F47: =B47*0.5/100 -> 0.5 | G47: =B47*0.7/100 -> 0.7 | H47: =B47*1.4/100 -> 1.4 | I47: =B47*1.32/100 -> 1.32 | J47: =B47*0.09/100 -> 0.09 | K47: NA | L47: =B47*30.7/100 -> 30.7 | M47: =B47*2.4/100 -> 2.4 | N47: =B47*4/100 -> 4 | O47: =B47*15/100 -> 15 | P47: =B47*0.12/100 -> 0.12 | Q47: =B47*55/100 -> 55 | R47: =B47*0.4/100 -> 0.4 | S47: =B47*132/100 -> 132 | T47: =B47*125/100 -> 125 | U47: =B47*0.03/100 -> 0.03 | V47: =B47*0.4/100 -> 0.4 | W47: NA | X47: Tr | Y47: Tr | Z47: Tr | AA47: Tr | AB47: Tr
A48: Pão, aveia, forma | B48: 100 | C48: =B48*343/100 -> 343 | D48: =B48*12.4/100 -> 12.4 | E48: =B48*5.7/100 -> 5.7 | F48: =B48*1.1/100 -> 1.1 | G48: =B48*1/100 -> 1 | H48: =B48*1.6/100 -> 1.6 | I48: =B48*1.06/100 -> 1.06 | J48: =B48*0.59/100 -> 0.59 | K48: Tr | L48: =B48*59.6/100 -> 59.6 | M48: =B48*6/100 -> 6 | N48: =B48*109/100 -> 109 | O48: =B48*57/100 -> 57 | P48: =B48*1.08/100 -> 1.08 | Q48: =B48*182/100 -> 182 | R48: =B48*4.7/100 -> 4.7 | S48: =B48*606/100 -> 606 | T48: =B48*210/100 -> 210 | U48: =B48*0.14/100 -> 0.14 | V48: =B48*1.7/100 -> 1.7 | W48: Tr | X48: =B48*0.09/100 -> 0.09 | Y48: =B48*0.03/100 -> 0.03 | Z48: =B48*0.08/100 -> 0.08 | AA48: Tr | AB48: Tr
A49: Pão, de soja | B49: 100 | C49: =B49*309/100 -> 309 | D49: =B49*11.3/100 -> 11.3 | E49: =B49*3.6/100 -> 3.6 | F49: =B49*0.7/100 -> 0.7 | G49: =B49*0.6/100 -> 0.6 | H49: =B49*1.6/100 -> 1.6 | I49: =B49*1.41/100 -> 1.41 | J49: =B49*0.14/100 -> 0.14 | K49: NA | L49: =B49*56.5/100 -> 56.5 | M49: =B49*5.7/100 -> 5.7 | N49: =B49*90/100 -> 90 | O49: =B49*48/100 -> 48 | P49: =B49*0.57/100 -> 0.57 | Q49: =B49*153/100 -> 153 | R49: =B49*3.3/100 -> 3.3 | S49: =B49*663/100 -> 663 | T49: =B49*296/100 -> 296 | U49: =B49*0.16/100 -> 0.16 | V49: =B49*1.5/100 -> 1.5 | W49: NA | X49: =B49*0.07/100 -> 0.07 | Y49: =B49*0.04/100 -> 0.04 | Z49: =B49*0.79/100 -> 0.79 | AA49: Tr | AB49: Tr
A50: Pão, glúten, forma | B50: 100 | C50: =B50*253/100 -> 253 | D50: =B50*12/100 -> 12 | E50: =B50*2.7/100 -> 2.7 | F50: =B50*0.5/100 -> 0.5 | G50: =B50*0.6/100 -> 0.6 | H50: =B50*0.7/100 -> 0.7 | I50: =B50*0.69/100 -> 0.69 | J50: =B50*0.04/100 -> 0.04 | K50: NA | L50: =B50*44.1/100 -> 44.1 | M50: =B50*2.5/100 -> 2.5 | N50: =B50*156/100 -> 156 | O50: =B50*24/100 -> 24 | P50: =B50*0.51/100 -> 0.51 | Q50: =B50*105/100 -> 105 | R50: =B50*5.7/100 -> 5.7 | S50: =B50*22/100 -> 22 | T50: =B50*65/100 -> 65 | U50: =B50*0.06/100 -> 0.06 | V50: =B50*1.3/100 -> 1.3 | W50: NA | X50: =B50*0.04/100 -> 0.04 | Y50: =B50*0.03/100 -> 0.03 | Z50: Tr | AA50: Tr | AB50: Tr
A51: Pão, milho, forma | B51: 100 | C51: =B51*292/100 -> 292 | D51: =B51*8.3/100 -> 8.3 | E51: =B51*3.1/100 -> 3.1 | F51: =B51*0.6/100 -> 0.6 | G51: =B51*0.6/100 -> 0.6 | H51: =B51*1/100 -> 1 | I51: =B51*0.98/100 -> 0.98 | J51: =B51*0.03/100 -> 0.03 | K51: =B51*6/100 -> 6 | L51: =B51*56.4/100 -> 56.4 | M51: =B51*4.3/100 -> 4.3 | N51: =B51*78/100 -> 78 | O51: =B51*29/100 -> 29 | P51: =B51*0.37/100 -> 0.37 | Q51: =B51*110/100 -> 110 | R51: =B51*3/100 -> 3 | S51: =B51*507/100 -> 507 | T51: =B51*89/100 -> 89 | U51: =B51*0.1/100 -> 0.1 | V51: =B51*0.8/100 -> 0.8 | W51: Tr | X51: =B51*0.08/100 -> 0.08 | Y51: Tr | Z51: =B51*0.08/100 -> 0.08 | AA51: Tr | AB51: Tr
A52: Pão, trigo, forma, integral | B52: 100 | C52: =B52*253/100 -> 253 | D52: =B52*9.4/100 -> 9.4 | E52: =B52*3.7/100 -> 3.7 | F52: =B52*0.7/100 -> 0.7 | G52: =B52*0.8/100 -> 0.8 | H52: =B52*1.1/100 -> 1.1 | I52: =B52*0.98/100 -> 0.98 | J52: =B52*0.08/100 -> 0.08 | K52: NA | L52: =B52*49.9/100 -> 49.9 | M52: =B52*6.9/100 -> 6.9 | N52: =B52*132/100 -> 132 | O52: =B52*60/100 -> 60 | P52: =B52*1.62/100 -> 1.62 | Q52: =B52*193/100 -> 193 | R52: =B52*3/100 -> 3 | S52: =B52*506/100 -> 506 | T52: =B52*163/100 -> 163 | U52: =B52*0.15/100 -> 0.15 | V52: =B52*1.6/100 -> 1.6 | W52: NA | X52: =B52*0.08/100 -> 0.08 | Y52: =B52*0.04/100 -> 0.04 | Z52: =B52*0.15/100 -> 0.15 | AA52: Tr | AB52: Tr
A53: Pão, trigo, francês | B53: 100 | C53: =B53*300/100 -> 300 | D53: =B53*8/100 -> 8 | E53: =B53*3.1/100 -> 3.1 | F53: =B53*1/100 -> 1 | G53: =B53*0.9/100 -> 0.9 | H53: =B53*0.7/100 -> 0.7 | I53: =B53*0.7/100 -> 0.7 | J53: =B53*0.04/100 -> 0.04 | K53: NA | L53: =B53*58.6/100 -> 58.6 | M53: =B53*2.3/100 -> 2.3 | N53: =B53*16/100 -> 16 | O53: =B53*25/100 -> 25 | P53: =B53*0.46/100 -> 0.46 | Q53: =B53*95/100 -> 95 | R53: =B53*1/100 -> 1 | S53: =B53*648/100 -> 648 | T53: =B53*142/100 -> 142 | U53: =B53*0.13/100 -> 0.13 | V53: =B53*0.8/100 -> 0.8 | W53: =B53*3/100 -> 3 | X53: =B53*0.39/100 -> 0.39 | Y53: =B53*0.67/100 -> 0.67 | Z53: =B53*0.6/100 -> 0.6 | AA53: =B53*2.34/100 -> 2.34
A54: Pão, de trigo, sovado | B54: 100 | C54: =B54*311/100 -> 311 | D54: =B54*8.4/100 -> 8.4 | E54: =B54*2.8/100 -> 2.8 | F54: =B54*0.8/100 -> 0.8 | G54: =B54*0.7/100 -> 0.7 | H54: =B54*0.7/100 -> 0.7 | I54: =B54*0.68/100 -> 0.68 | J54: =B54*0.04/100 -> 0.04 | K54: =B54*17/100 -> 17 | L54: =B54*61.5/100 -> 61.5 | M54: =B54*2.4/100 -> 2.4 | N54: =B54*52/100 -> 52 | O54: =B54*22/100 -> 22 | P54: =B54*0.31/100 -> 0.31 | Q54: =B54*101/100 -> 101 | R54: =B54*2.3/100 -> 2.3 | S54: =B54*431/100 -> 431 | T54: =B54*91/100 -> 91 | U54: Tr | V54: =B54*2.7/100 -> 2.7 | W54: Tr | X54: =B54*0.08/100 -> 0.08 | Y54: =B54*0.04/100 -> 0.04 | Z54: =B54*0.15/100 -> 0.15 | AA54: Tr | AB54: Tr
A55: Pastel, massa, crua | B55: 100 | C55: =B55*310/100 -> 310 | D55: =B55*6.9/100 -> 6.9 | E55: =B55*5.5/100 -> 5.5 | F55: =B55*2.1/100 -> 2.1 | G55: =B55*1.7/100 -> 1.7 | H55: =B55*0.9/100 -> 0.9 | I55: =B55*0.91/100 -> 0.91 | J55: =B55*0.03/100 -> 0.03 | K55: NA | L55: =B55*57.4/100 -> 57.4 | M55: =B55*1.4/100 -> 1.4 | N55: =B55*13/100 -> 13 | O55: =B55*14/100 -> 14 | P55: =B55*0.38/100 -> 0.38 | Q55: =B55*73/100 -> 73 | R55: =B55*1.1/100 -> 1.1 | S55: =B55*1344/100 -> 1344 | T55: =B55*167/100 -> 167 | U55: =B55*0.11/100 -> 0.11 | V55: =B55*0.6/100 -> 0.6 | W55: NA | X55: =B55*0.15/100 -> 0.15 | Y55: Tr | Z55: Tr | AA55: Tr
A56: Pastel, massa, frita | B56: 100 | C56: =B56*570/100 -> 570 | D56: =B56*6/100 -> 6 | E56: =B56*40.9/100 -> 40.9 | F56: =B56*6.9/100 -> 6.9 | G56: =B56*10.1/100 -> 10.1 | H56: =B56*21.2/100 -> 21.2 | I56: =B56*19.61/100 -> 19.61 | J56: =B56*1.32/100 -> 1.32 | K56: NA | L56: =B56*49.3/100 -> 49.3 | M56: =B56*1.3/100 -> 1.3 | N56: =B56*11/100 -> 11 | O56: =B56*13/100 -> 13 | P56: =B56*0.36/100 -> 0.36 | Q56: =B56*62/100 -> 62 | R56: =B56*1.4/100 -> 1.4 | S56: =B56*1175/100 -> 1175 | T56: =B56*143/100 -> 143 | U56: =B56*0.08/100 -> 0.08 | V56: =B56*0.5/100 -> 0.5 | W56: NA | X56: =B56*0.16/100 -> 0.16 | Y56: Tr | Z56: Tr | AA56: Tr
A57: Polenta, pré cozida | B57: 100 | C57: =B57*103/100 -> 103 | D57: =B57*2.3/100 -> 2.3 | E57: =B57*0.3/100 -> 0.3 | K57: NA | L57: =B57*23.3/100 -> 23.3 | M57: =B57*2.4/100 -> 2.4 | N57: =B57*1/100 -> 1 | O57: =B57*4/100 -> 4 | P57: Tr | Q57: =B57*17/100 -> 17 | R57: Tr | S57: =B57*442/100 -> 442 | T57: =B57*100/100 -> 100 | U57: =B57*0.04/100 -> 0.04 | V57: =B57*0.1/100 -> 0.1 | W57: NA | X57: =B57*0.04/100 -> 0.04 | Y57: Tr | Z57: Tr | AA57: Tr | AB57: Tr
A58: Torrada, pão francês | B58: 100 | C58: =B58*377/100 -> 377 | D58: =B58*10.5/100 -> 10.5 | E58: =B58*3.3/100 -> 3.3 | F58: =B58*0.9/100 -> 0.9 | G58: =B58*0.8/100 -> 0.8 | H58: =B58*1/100 -> 1 | I58: =B58*0.99/100 -> 0.99 | J58: =B58*0.05/100 -> 0.05 | K58: NA | L58: =B58*74.6/100 -> 74.6 | M58: =B58*3.4/100 -> 3.4 | N58: =B58*19/100 -> 19 | O58: =B58*32/100 -> 32 | P58: =B58*0.55/100 -> 0.55 | Q58: =B58*114/100 -> 114 | R58: =B58*1.2/100 -> 1.2 | S58: =B58*829/100 -> 829 | T58: =B58*189/100 -> 189 | U58: =B58*0.16/100 -> 0.16 | V58: =B58*0.9/100 -> 0.9 | W58: NA | X58: =B58*0.38/100 -> 0.38 | Y58: Tr | Z58: Tr | AA58: Tr | AB58: Tr
A59: Verduras, hortaliças e derivados
A60: Abóbora, cabotian, cozida | B60: 100 | C60: =B60*48/100 -> 48 | D60: =B60*1.4/100 -> 1.4 | E60: =B60*0.7/100 -> 0.7 | F60: =B60*0.1/100 -> 0.1 | G60: =B60*0.2/100 -> 0.2 | H60: =B60*0.2/100 -> 0.2 | I60: =B60*0.15/100 -> 0.15 | J60: =B60*0.08/100 -> 0.08 | K60: NA | L60: =B60*10.8/100 -> 10.8 | M60: =B60*2.5/100 -> 2.5 | N60: =B60*8/100 -> 8 | O60: =B60*9/100 -> 9 | P60: =B60*0.26/100 -> 0.26 | Q60: =B60*33/100 -> 33 | R60: =B60*0.3/100 -> 0.3 | S60: =B60*1/100 -> 1 | T60: =B60*199/100 -> 199 | U60: =B60*0.06/100 -> 0.06 | V60: =B60*0.3/100 -> 0.3 | W60: NA | X60: =B60*0.08/100 -> 0.08 | Y60: Tr | Z60: =B60*0.07/100 -> 0.07 | AA60: Tr | AB60: =B60*7.5/100 -> 7.5
A61: Abóbora, cabotian, crua | B61: 100 | C61: =B61*39/100 -> 39 | D61: =B61*1.7/100 -> 1.7 | E61: =B61*0.5/100 -> 0.5 | K61: NA | L61: =B61*8.4/100 -> 8.4 | M61: =B61*2.2/100 -> 2.2 | N61: =B61*18/100 -> 18 | O61: =B61*9/100 -> 9 | P61: =B61*0.11/100 -> 0.11 | Q61: =B61*26/100 -> 26 | R61: =B61*0.4/100 -> 0.4 | S61: Tr | T61: =B61*351/100 -> 351 | U61: =B61*0.06/100 -> 0.06 | V61: =B61*0.3/100 -> 0.3 | W61: NA | X61: Tr | Y61: Tr | Z61: =B61*0.1/100 -> 0.1 | AA61: * | AB61: =B61*5.1/100 -> 5.1
A62: Abóbora, menina brasileira, crua | B62: 100 | C62: =B62*14/100 -> 14 | D62: =B62*0.6/100 -> 0.6 | E62: Tr | K62: NA | L62: =B62*3.3/100 -> 3.3 | M62: =B62*1.2/100 -> 1.2 | N62: =B62*9/100 -> 9 | O62: =B62*4/100 -> 4 | P62: =B62*0.01/100 -> 0.01 | Q62: =B62*12/100 -> 12 | R62: =B62*0.2/100 -> 0.2 | S62: Tr | T62: =B62*165/100 -> 165 | U62: =B62*0.02/100 -> 0.02 | V62: Tr | W62: NA | X62: =B62*0.07/100 -> 0.07 | Y62: Tr | Z62: =B62*0.04/100 -> 0.04 | AA62: * | AB62: =B62*1.5/100 -> 1.5
A63: Abóbora, moranga, crua | B63: 100 | C63: =B63*12/100 -> 12 | D63: =B63*1/100 -> 1 | E63: =B63*0.1/100 -> 0.1 | K63: NA | L63: =B63*2.7/100 -> 2.7 | M63: =B63*1.7/100 -> 1.7 | N63: * | O63: * | P63: =B63*0.01/100 -> 0.01 | Q63: * | R63: * | S63: Tr | T63: * | U63: =B63*0.05/100 -> 0.05 | V63: =B63*0.1/100 -> 0.1 | W63: NA | X63: Tr | Y63: Tr | Z63: =B63*0.06/100 -> 0.06 | AA63: * | AB63: *
A64: Abobrinha, italiana, cozida | B64: 100 | C64: =B64*15/100 -> 15 | D64: =B64*1.1/100 -> 1.1 | E64: =B64*0.2/100 -> 0.2 | F64: =B64*0.1/100 -> 0.1 | G64: Tr | H64: =B64*0.1/100 -> 0.1 | I64: =B64*0.03/100 -> 0.03 | J64: =B64*0.03/100 -> 0.03 | K64: NA | L64: =B64*3/100 -> 3 | M64: =B64*1.6/100 -> 1.6 | N64: =B64*17/100 -> 17 | O64: =B64*17/100 -> 17 | P64: =B64*0.11/100 -> 0.11 | Q64: =B64*22/100 -> 22 | R64: =B64*0.2/100 -> 0.2 | S64: =B64*1/100 -> 1 | T64: =B64*126/100 -> 126 | U64: =B64*0.01/100 -> 0.01 | V64: =B64*0.3/100 -> 0.3 | W64: NA | X64: =B64*0.05/100 -> 0.05 | Y64: Tr | Z64: =B64*0.06/100 -> 0.06 | AA64: Tr | AB64: =B64*2.1/100 -> 2.1
A65: Abobrinha, italiana, crua | B65: 100 | C65: =B65*19/100 -> 19 | D65: =B65*1.1/100 -> 1.1 | E65: =B65*0.1/100 -> 0.1 | K65: NA | L65: =B65*4.3/100 -> 4.3 | M65: =B65*1.4/100 -> 1.4 | N65: =B65*15/100 -> 15 | O65: =B65*20/100 -> 20 | P65: =B65*0.09/100 -> 0.09 | Q65: =B65*32/100 -> 32 | R65: =B65*0.2/100 -> 0.2 | S65: Tr | T65: =B65*253/100 -> 253 | U65: =B65*0.05/100 -> 0.05 | V65: =B65*0.2/100 -> 0.2 | W65: NA | X65: Tr | Y65: =B65*0.06/100 -> 0.06 | Z65: =B65*0.03/100 -> 0.03 | AA65: * | AB65: *
A66: Abobrinha, paulista, crua | B66: 100 | C66: =B66*31/100 -> 31 | D66: =B66*0.6/100 -> 0.6 | E66: =B66*0.1/100 -> 0.1 | K66: NA | L66: =B66*7.9/100 -> 7.9 | M66: =B66*2.6/100 -> 2.6 | N66: =B66*19/100 -> 19 | O66: =B66*9/100 -> 9 | P66: =B66*0.11/100 -> 0.11 | Q66: =B66*33/100 -> 33 | R66: =B66*0.2/100 -> 0.2 | S66: =B66*1/100 -> 1 | T66: =B66*213/100 -> 213 | U66: =B66*0.1/100 -> 0.1 | V66: =B66*0.2/100 -> 0.2 | W66: NA | X66: Tr | Y66: Tr | Z66: =B66*0.03/100 -> 0.03 | AA66: Tr | AB66: =B66*17.5/100 -> 17.5
A67: Abobrinha, pescoço, crua | B67: 100 | C67: =B67*24/100 -> 24 | D67: =B67*0.7/100 -> 0.7 | E67: =B67*0.1/100 -> 0.1 | K67: NA | L67: =B67*6.1/100 -> 6.1 | M67: =B67*2.3/100 -> 2.3 | N67: =B67*9/100 -> 9 | O67: =B67*7/100 -> 7 | P67: =B67*0.07/100 -> 0.07 | Q67: =B67*32/100 -> 32 | R67: =B67*0.3/100 -> 0.3 | S67: =B67*1/100 -> 1 | T67: =B67*264/100 -> 264 | U67: =B67*0.09/100 -> 0.09 | V67: =B67*0.2/100 -> 0.2 | W67: NA | X67: Tr | Y67: Tr | Z67: =B67*0.06/100 -> 0.06 | AA67: Tr | AB67: =B67*2.1/100 -> 2.1
A68: Acelga, crua | B68: 100 | C68: =B68*21/100 -> 21 | D68: =B68*1.4/100 -> 1.4 | E68: =B68*0.1/100 -> 0.1 | K68: NA | L68: =B68*4.6/100 -> 4.6 | M68: =B68*1.1/100 -> 1.1 | N68: =B68*43/100 -> 43 | O68: =B68*10/100 -> 10 | P68: =B68*0.11/100 -> 0.11 | Q68: =B68*40/100 -> 40 | R68: =B68*0.3/100 -> 0.3 | S68: =B68*1/100 -> 1 | T68: =B68*240/100 -> 240 | U68: =B68*0.1/100 -> 0.1 | V68: =B68*0.3/100 -> 0.3 | W68: NA | X68: =B68*0.04/100 -> 0.04 | Y68: Tr | Z68: =B68*0.16/100 -> 0.16 | AA68: Tr | AB68: =B68*22.6/100 -> 22.6
A69: Agrião, cru | B69: 100 | C69: =B69*17/100 -> 17 | D69: =B69*2.7/100 -> 2.7 | E69: =B69*0.2/100 -> 0.2 | K69: NA | L69: =B69*2.3/100 -> 2.3 | M69: =B69*2.1/100 -> 2.1 | N69: =B69*133/100 -> 133 | O69: =B69*18/100 -> 18 | P69: =B69*0.28/100 -> 0.28 | Q69: =B69*51/100 -> 51 | R69: =B69*3.1/100 -> 3.1 | S69: * | T69: =B69*218/100 -> 218 | U69: =B69*0.1/100 -> 0.1 | V69: =B69*0.7/100 -> 0.7 | W69: NA | X69: =B69*0.11/100 -> 0.11 | Y69: =B69*0.23/100 -> 0.23 | Z69: =B69*0.09/100 -> 0.09 | AA69: * | AB69: *
A70: Aipo, cru | B70: 100 | C70: =B70*19/100 -> 19 | D70: =B70*0.8/100 -> 0.8 | E70: =B70*0.1/100 -> 0.1 | K70: NA | L70: =B70*4.3/100 -> 4.3 | M70: =B70*1/100 -> 1 | N70: =B70*65/100 -> 65 | O70: =B70*9/100 -> 9 | P70: =B70*0.18/100 -> 0.18 | Q70: =B70*28/100 -> 28 | R70: =B70*0.7/100 -> 0.7 | S70: =B70*10/100 -> 10 | T70: =B70*274/100 -> 274 | U70: =B70*0.31/100 -> 0.31 | V70: =B70*0.1/100 -> 0.1 | W70: NA | X70: Tr | Y70: Tr | Z70: =B70*0.18/100 -> 0.18 | AA70: Tr | AB70: =B70*5.9/100 -> 5.9
A71: Alface, americana, crua | B71: 100 | C71: =B71*9/100 -> 9 | D71: =B71*0.6/100 -> 0.6 | E71: =B71*0.1/100 -> 0.1 | K71: NA | L71: =B71*1.7/100 -> 1.7 | M71: =B71*1/100 -> 1 | N71: =B71*14/100 -> 14 | O71: =B71*6/100 -> 6 | P71: =B71*0.12/100 -> 0.12 | Q71: =B71*19/100 -> 19 | R71: =B71*0.3/100 -> 0.3 | S71: =B71*7/100 -> 7 | T71: =B71*136/100 -> 136 | U71: =B71*0.02/100 -> 0.02 | V71: =B71*0.2/100 -> 0.2 | W71: NA | X71: =B71*0.03/100 -> 0.03 | Y71: Tr | Z71: =B71*0.04/100 -> 0.04 | AA71: Tr | AB71: =B71*11/100 -> 11
A72: Alface, crespa, crua | B72: 100 | C72: =B72*11/100 -> 11 | D72: =B72*1.3/100 -> 1.3 | E72: =B72*0.2/100 -> 0.2 | K72: NA | L72: =B72*1.7/100 -> 1.7 | M72: =B72*1.8/100 -> 1.8 | N72: =B72*38/100 -> 38 | O72: =B72*11/100 -> 11 | P72: =B72*0.2/100 -> 0.2 | Q72: =B72*26/100 -> 26 | R72: =B72*0.4/100 -> 0.4 | S72: =B72*3/100 -> 3 | T72: =B72*267/100 -> 267 | U72: =B72*0.03/100 -> 0.03 | V72: =B72*0.3/100 -> 0.3 | W72: NA | X72: =B72*0.11/100 -> 0.11 | Y72: =B72*0.12/100 -> 0.12 | Z72: Tr | AA72: * | AB72: *
A73: Alface, lisa, crua | B73: 100 | C73: =B73*14/100 -> 14 | D73: =B73*1.7/100 -> 1.7 | E73: =B73*0.1/100 -> 0.1 | K73: NA | L73: =B73*2.4/100 -> 2.4 | M73: =B73*2.3/100 -> 2.3 | N73: =B73*28/100 -> 28 | O73: =B73*9/100 -> 9 | P73: * | Q73: =B73*26/100 -> 26 | R73: =B73*0.6/100 -> 0.6 | S73: =B73*4/100 -> 4 | T73: =B73*349/100 -> 349 | U73: =B73*0.03/100 -> 0.03 | V73: =B73*0.3/100 -> 0.3 | W73: NA | X73: =B73*0.09/100 -> 0.09 | Y73: =B73*0.08/100 -> 0.08 | Z73: =B73*0.07/100 -> 0.07 | AA73: * | AB73: *
A74: Alfavaca, crua | B74: 100 | C74: =B74*29/100 -> 29 | D74: =B74*2.7/100 -> 2.7 | E74: =B74*0.5/100 -> 0.5 | F74: =B74*0.1/100 -> 0.1 | G74: Tr | H74: =B74*0.2/100 -> 0.2 | I74: =B74*0.04/100 -> 0.04 | J74: =B74*0.16/100 -> 0.16 | K74: NA | L74: =B74*5.2/100 -> 5.2 | M74: =B74*4.1/100 -> 4.1 | N74: =B74*258/100 -> 258 | O74: =B74*84/100 -> 84 | P74: =B74*0.15/100 -> 0.15 | Q74: =B74*50/100 -> 50 | R74: =B74*1.3/100 -> 1.3 | S74: =B74*5/100 -> 5 | T74: =B74*261/100 -> 261 | U74: =B74*0.15/100 -> 0.15 | V74: =B74*0.7/100 -> 0.7 | W74: NA | X74: Tr | Y74: =B74*0.12/100 -> 0.12 | Z74: =B74*0.56/100 -> 0.56 | AA74: Tr | AB74: Tr
A75: Alho, cru | B75: 100 | C75: =B75*113/100 -> 113 | D75: =B75*7/100 -> 7 | E75: =B75*0.2/100 -> 0.2 | K75: NA | L75: =B75*23.9/100 -> 23.9 | M75: =B75*4.3/100 -> 4.3 | N75: =B75*14/100 -> 14 | O75: =B75*21/100 -> 21 | P75: =B75*0.24/100 -> 0.24 | Q75: =B75*149/100 -> 149 | R75: =B75*0.8/100 -> 0.8 | S75: =B75*5/100 -> 5 | T75: =B75*535/100 -> 535 | U75: =B75*0.15/100 -> 0.15 | V75: =B75*0.8/100 -> 0.8 | W75: NA | X75: =B75*0.18/100 -> 0.18 | Y75: Tr | Z75: =B75*0.44/100 -> 0.44 | AA75: * | AB75: *
A76: Almeirão, cru | B76: 100 | C76: =B76*18/100 -> 18 | D76: =B76*1.8/100 -> 1.8 | E76: =B76*0.2/100 -> 0.2 | K76: NA | L76: =B76*3.3/100 -> 3.3 | M76: =B76*2.6/100 -> 2.6 | N76: * | O76: =B76*21/100 -> 21 | P76: =B76*0.17/100 -> 0.17 | Q76: =B76*40/100 -> 40 | R76: =B76*0.7/100 -> 0.7 | S76: * | T76: =B76*369/100 -> 369 | U76: =B76*0.1/100 -> 0.1 | V76: =B76*0.3/100 -> 0.3 | W76: NA | X76: =B76*0.1/100 -> 0.1 | Y76: =B76*0.18/100 -> 0.18 | Z76: Tr | AA76: * | AB76: *
A77: Almeirão, refogado | B77: 100 | C77: =B77*65/100 -> 65 | D77: =B77*1.7/100 -> 1.7 | E77: =B77*4.8/100 -> 4.8 | F77: =B77*0.8/100 -> 0.8 | G77: =B77*1.1/100 -> 1.1 | H77: =B77*2.6/100 -> 2.6 | I77: =B77*2.3/100 -> 2.3 | J77: =B77*0.35/100 -> 0.35 | K77: NA | L77: =B77*5.7/100 -> 5.7 | M77: =B77*3.4/100 -> 3.4 | N77: =B77*63/100 -> 63 | O77: =B77*17/100 -> 17 | P77: =B77*0.28/100 -> 0.28 | Q77: =B77*31/100 -> 31 | R77: =B77*1.6/100 -> 1.6 | S77: =B77*15/100 -> 15 | T77: =B77*315/100 -> 315 | U77: =B77*0.06/100 -> 0.06 | V77: =B77*0.2/100 -> 0.2 | W77: NA | X77: =B77*0.03/100 -> 0.03 | Y77: =B77*0.06/100 -> 0.06 | Z77: =B77*0.05/100 -> 0.05 | AA77: =B77*4.03/100 -> 4.03 | AB77: =B77*1.5/100 -> 1.5
A78: Batata, baroa, cozida | B78: 100 | C78: =B78*80/100 -> 80 | D78: =B78*0.9/100 -> 0.9 | E78: =B78*0.2/100 -> 0.2 | K78: NA | L78: =B78*18.9/100 -> 18.9 | M78: =B78*1.8/100 -> 1.8 | N78: =B78*12/100 -> 12 | O78: =B78*8/100 -> 8 | P78: =B78*0.22/100 -> 0.22 | Q78: =B78*29/100 -> 29 | R78: =B78*0.4/100 -> 0.4 | S78: =B78*2/100 -> 2 | T78: =B78*258/100 -> 258 | U78: =B78*0.15/100 -> 0.15 | V78: =B78*0.4/100 -> 0.4 | W78: NA | X78: =B78*0.06/100 -> 0.06 | Y78: Tr | Z78: Tr | AA78: =B78*1.98/100 -> 1.98 | AB78: =B78*17.1/100 -> 17.1
A79: Batata, baroa, crua | B79: 100 | C79: =B79*101/100 -> 101 | D79: =B79*1/100 -> 1 | E79: =B79*0.2/100 -> 0.2 | K79: NA | L79: =B79*24/100 -> 24 | M79: =B79*2.1/100 -> 2.1 | N79: =B79*17/100 -> 17 | O79: =B79*12/100 -> 12 | P79: =B79*0.07/100 -> 0.07 | Q79: =B79*45/100 -> 45 | R79: =B79*0.3/100 -> 0.3 | S79: Tr | T79: =B79*505/100 -> 505 | U79: =B79*0.05/100 -> 0.05 | V79: =B79*0.2/100 -> 0.2 | W79: NA | X79: =B79*0.05/100 -> 0.05 | Y79: Tr | Z79: =B79*0.12/100 -> 0.12 | AA79: * | AB79: *
A80: Batata, doce, cozida | B80: 100 | C80: =B80*77/100 -> 77 | D80: =B80*0.6/100 -> 0.6 | E80: =B80*0.1/100 -> 0.1 | K80: NA | L80: =B80*18.4/100 -> 18.4 | M80: =B80*2.2/100 -> 2.2 | N80: =B80*17/100 -> 17 | O80: =B80*11/100 -> 11 | P80: =B80*0.14/100 -> 0.14 | Q80: =B80*15/100 -> 15 | R80: =B80*0.2/100 -> 0.2 | S80: =B80*3/100 -> 3 | T80: =B80*148/100 -> 148 | U80: =B80*0.06/100 -> 0.06 | V80: =B80*0.1/100 -> 0.1 | W80: NA | X80: =B80*0.08/100 -> 0.08 | Y80: Tr | Z80: =B80*0.05/100 -> 0.05 | AA80: =B80*2.57/100 -> 2.57 | AB80: =B80*23.8/100 -> 23.8
A81: Batata, doce, crua | B81: 100 | C81: =B81*118/100 -> 118 | D81: =B81*1.3/100 -> 1.3 | E81: =B81*0.1/100 -> 0.1 | K81: NA | L81: =B81*28.2/100 -> 28.2 | M81: =B81*2.6/100 -> 2.6 | N81: =B81*21/100 -> 21 | O81: =B81*17/100 -> 17 | P81: =B81*0.18/100 -> 0.18 | Q81: =B81*36/100 -> 36 | R81: =B81*0.4/100 -> 0.4 | S81: =B81*9/100 -> 9 | T81: =B81*340/100 -> 340 | U81: =B81*0.11/100 -> 0.11 | V81: =B81*0.2/100 -> 0.2 | W81: NA | X81: =B81*0.06/100 -> 0.06 | Y81: Tr | Z81: =B81*0.1/100 -> 0.1 | AA81: * | AB81: *
A82: Batata, frita, tipo chips, industrializada | B82: 100 | C82: =B82*543/100 -> 543 | D82: =B82*5.6/100 -> 5.6 | E82: =B82*36.6/100 -> 36.6 | F82: =B82*12.9/100 -> 12.9 | G82: =B82*11.9/100 -> 11.9 | H82: =B82*4/100 -> 4 | I82: =B82*3.85/100 -> 3.85 | J82: =B82*0.09/100 -> 0.09 | K82: NA | L82: =B82*51.2/100 -> 51.2 | M82: =B82*2.5/100 -> 2.5 | N82: =B82*12/100 -> 12 | O82: =B82*24/100 -> 24 | P82: =B82*0.23/100 -> 0.23 | Q82: =B82*96/100 -> 96 | R82: =B82*0.7/100 -> 0.7 | S82: =B82*607/100 -> 607 | T82: =B82*1014/100 -> 1014 | U82: =B82*0.12/100 -> 0.12 | V82: =B82*0.6/100 -> 0.6 | W82: NA | X82: =B82*0.2/100 -> 0.2 | Y82: Tr | Z82: =B82*0.13/100 -> 0.13 | AA82: =B82*2.61/100 -> 2.61 | AB82: Tr
A83: Batata, inglesa, sauté | B83: 100 | C83: =B83*68/100 -> 68 | D83: =B83*1.3/100 -> 1.3 | E83: =B83*0.9/100 -> 0.9 | F83: =B83*0.3/100 -> 0.3 | G83: =B83*0.2/100 -> 0.2 | H83: =B83*0.4/100 -> 0.4 | I83: =B83*0.33/100 -> 0.33 | J83: =B83*0.03/100 -> 0.03 | K83: NA | L83: =B83*14.1/100 -> 14.1 | M83: =B83*1.4/100 -> 1.4 | N83: =B83*4/100 -> 4 | O83: =B83*6/100 -> 6 | P83: =B83*0.08/100 -> 0.08 | Q83: =B83*32/100 -> 32 | R83: =B83*0.3/100 -> 0.3 | S83: =B83*8/100 -> 8 | T83: =B83*199/100 -> 199 | U83: =B83*0.05/100 -> 0.05 | V83: =B83*0.2/100 -> 0.2 | W83: NA | X83: =B83*0.07/100 -> 0.07 | Y83: Tr | Z83: =B83*0.09/100 -> 0.09 | AA83: =B83*1.36/100 -> 1.36 | AB83: Tr
A84: Batata, inglesa, cozida | B84: 100 | C84: =B84*52/100 -> 52 | D84: =B84*1.2/100 -> 1.2 | E84: Tr | K84: NA | L84: =B84*11.9/100 -> 11.9 | M84: =B84*1.3/100 -> 1.3 | N84: =B84*4/100 -> 4 | O84: =B84*5/100 -> 5 | P84: =B84*0.07/100 -> 0.07 | Q84: =B84*24/100 -> 24 | R84: =B84*0.2/100 -> 0.2 | S84: =B84*2/100 -> 2 | T84: =B84*161/100 -> 161 | U84: =B84*0.06/100 -> 0.06 | V84: =B84*0.2/100 -> 0.2 | W84: NA | X84: =B84*0.05/100 -> 0.05 | Y84: Tr | Z84: =B84*0.08/100 -> 0.08 | AA84: Tr | AB84: =B84*3.8/100 -> 3.8
A85: Batata, inglesa, crua | B85: 100 | C85: =B85*64/100 -> 64 | D85: =B85*1.8/100 -> 1.8 | E85: Tr | K85: NA | L85: =B85*14.7/100 -> 14.7 | M85: =B85*1.2/100 -> 1.2 | N85: =B85*4/100 -> 4 | O85: =B85*15/100 -> 15 | P85: =B85*0.1/100 -> 0.1 | Q85: =B85*39/100 -> 39 | R85: =B85*0.4/100 -> 0.4 | S85: Tr | T85: =B85*302/100 -> 302 | U85: =B85*0.09/100 -> 0.09 | V85: =B85*0.2/100 -> 0.2 | W85: NA | X85: =B85*0.1/100 -> 0.1 | Y85: Tr | Z85: =B85*0.15/100 -> 0.15 | AA85: * | AB85: =B85*31.1/100 -> 31.1
A86: Batata, inglesa, frita | B86: 100 | C86: =B86*267/100 -> 267 | D86: =B86*5/100 -> 5 | E86: =B86*13.1/100 -> 13.1 | F86: =B86*2.1/100 -> 2.1 | G86: =B86*3.4/100 -> 3.4 | H86: =B86*6.6/100 -> 6.6 | I86: =B86*6.29/100 -> 6.29 | J86: =B86*0.3/100 -> 0.3 | K86: NA | L86: =B86*35.6/100 -> 35.6 | M86: =B86*8.1/100 -> 8.1 | N86: =B86*6/100 -> 6 | O86: =B86*14/100 -> 14 | P86: =B86*0.15/100 -> 0.15 | Q86: =B86*70/100 -> 70 | R86: =B86*0.4/100 -> 0.4 | S86: =B86*2/100 -> 2 | T86: =B86*489/100 -> 489 | U86: =B86*0.1/100 -> 0.1 | V86: =B86*0.4/100 -> 0.4 | W86: NA | X86: =B86*0.17/100 -> 0.17 | Y86: Tr | Z86: =B86*0.1/100 -> 0.1 | AA86: =B86*2.51/100 -> 2.51 | AB86: =B86*16.3/100 -> 16.3
A87: Batata, inglesa, sauté | B87: 100 | C87: =B87*68/100 -> 68 | D87: =B87*1.3/100 -> 1.3 | E87: =B87*0.9/100 -> 0.9 | F87: =B87*0.3/100 -> 0.3 | G87: =B87*0.2/100 -> 0.2 | H87: =B87*0.4/100 -> 0.4 | I87: =B87*0.33/100 -> 0.33 | J87: =B87*0.03/100 -> 0.03 | K87: NA | L87: =B87*14.1/100 -> 14.1 | M87: =B87*1.4/100 -> 1.4 | N87: =B87*4/100 -> 4 | O87: =B87*6/100 -> 6 | P87: =B87*0.08/100 -> 0.08 | Q87: =B87*32/100 -> 32 | R87: =B87*0.3/100 -> 0.3 | S87: =B87*8/100 -> 8 | T87: =B87*199/100 -> 199 | U87: =B87*0.05/100 -> 0.05 | V87: =B87*0.2/100 -> 0.2 | W87: NA | X87: =B87*0.07/100 -> 0.07 | Y87: Tr | Z87: =B87*0.09/100 -> 0.09 | AA87: =B87*1.38/100 -> 1.38 | AB87: Tr
A88: Berinjela, cozida | B88: 100 | C88: =B88*19/100 -> 19 | D88: =B88*0.7/100 -> 0.7 | E88: =B88*0.1/100 -> 0.1 | K88: NA | L88: =B88*4.5/100 -> 4.5 | M88: =B88*2.5/100 -> 2.5 | N88: =B88*11/100 -> 11 | O88: =B88*9/100 -> 9 | P88: =B88*0.11/100 -> 0.11 | Q88: =B88*15/100 -> 15 | R88: =B88*0.2/100 -> 0.2 | S88: =B88*1/100 -> 1 | T88: =B88*105/100 -> 105 | U88: =B88*0.04/100 -> 0.04 | V88: =B88*0.1/100 -> 0.1 | W88: NA | X88: =B88*0.04/100 -> 0.04 | Y88: Tr | Z88: Tr | AA88: Tr | AB88: Tr
A89: Berinjela, crua | B89: 100 | C89: =B89*20/100 -> 20 | D89: =B89*1.2/100 -> 1.2 | E89: =B89*0.1/100 -> 0.1 | K89: NA | L89: =B89*4.4/100 -> 4.4 | M89: =B89*2.9/100 -> 2.9 | N89: =B89*9/100 -> 9 | O89: =B89*13/100 -> 13 | P89: =B89*0.1/100 -> 0.1 | Q89: =B89*20/100 -> 20 | R89: =B89*0.2/100 -> 0.2 | S89: Tr | T89: =B89*205/100 -> 205 | U89: =B89*0.06/100 -> 0.06 | V89: =B89*0.1/100 -> 0.1 | W89: NA | X89: =B89*0.04/100 -> 0.04 | Y89: =B89*0.05/100 -> 0.05 | Z89: Tr | AA89: * | AB89: =B89*3/100 -> 3
A90: Beterraba, cozida | B90: 100 | C90: =B90*32/100 -> 32 | D90: =B90*1.3/100 -> 1.3 | E90: =B90*0.1/100 -> 0.1 | K90: NA | L90: =B90*7.2/100 -> 7.2 | M90: =B90*1.9/100 -> 1.9 | N90: =B90*15/100 -> 15 | O90: =B90*17/100 -> 17 | P90: =B90*0.19/100 -> 0.19 | Q90: =B90*30/100 -> 30 | R90: =B90*0.2/100 -> 0.2 | S90: =B90*23/100 -> 23 | T90: =B90*245/100 -> 245 | U90: =B90*0.04/100 -> 0.04 | V90: =B90*0.4/100 -> 0.4 | W90: NA | X90: =B90*0.09/100 -> 0.09 | Y90: Tr | Z90: Tr | AA90: Tr | AB90: =B90*1.2/100 -> 1.2
A91: Beterraba, crua | B91: 100 | C91: =B91*49/100 -> 49 | D91: =B91*1.9/100 -> 1.9 | E91: =B91*0.1/100 -> 0.1 | K91: NA | L91: =B91*11.1/100 -> 11.1 | M91: =B91*3.4/100 -> 3.4 | N91: =B91*18/100 -> 18 | O91: =B91*24/100 -> 24 | P91: =B91*1.23/100 -> 1.23 | Q91: =B91*19/100 -> 19 | R91: =B91*0.3/100 -> 0.3 | S91: =B91*10/100 -> 10 | T91: =B91*375/100 -> 375 | U91: =B91*0.08/100 -> 0.08 | V91: =B91*0.5/100 -> 0.5 | W91: NA | X91: =B91*0.04/100 -> 0.04 | Y91: Tr | Z91: =B91*0.04/100 -> 0.04 | AA91: * | AB91: =B91*3.1/100 -> 3.1
A92: Brócolis, cozido | B92: 100 | C92: =B92*25/100 -> 25 | D92: =B92*2.1/100 -> 2.1 | E92: =B92*0.5/100 -> 0.5 | F92: =B92*0.1/100 -> 0.1 | G92: Tr | H92: =B92*0.2/100 -> 0.2 | I92: =B92*0.06/100 -> 0.06 | J92: =B92*0.1/100 -> 0.1 | K92: NA | L92: =B92*4.4/100 -> 4.4 | M92: =B92*3.4/100 -> 3.4 | N92: =B92*51/100 -> 51 | O92: =B92*15/100 -> 15 | P92: =B92*0.12/100 -> 0.12 | Q92: =B92*33/100 -> 33 | R92: =B92*0.5/100 -> 0.5 | S92: =B92*2/100 -> 2 | T92: =B92*119/100 -> 119 | U92: =B92*0.08/100 -> 0.08 | V92: =B92*0.2/100 -> 0.2 | W92: NA | X92: =B92*0.04/100 -> 0.04 | Y92: =B92*0.03/100 -> 0.03 | Z92: Tr | AA92: Tr | AB92: =B92*42/100 -> 42
A93: Brócolis, cru | B93: 100 | C93: =B93*25/100 -> 25 | D93: =B93*3.6/100 -> 3.6 | E93: =B93*0.3/100 -> 0.3 | K93: NA | L93: =B93*4/100 -> 4 | M93: =B93*2.9/100 -> 2.9 | N93: =B93*86/100 -> 86 | O93: =B93*30/100 -> 30 | P93: =B93*0.26/100 -> 0.26 | Q93: =B93*78/100 -> 78 | R93: =B93*0.6/100 -> 0.6 | S93: =B93*3/100 -> 3 | T93: =B93*322/100 -> 322 | U93: =B93*0.06/100 -> 0.06 | V93: =B93*0.5/100 -> 0.5 | W93: NA | X93: =B93*0.12/100 -> 0.12 | Y93: =B93*0.18/100 -> 0.18 | Z93: =B93*0.08/100 -> 0.08 | AA93: * | AB93: *
A94: Cará, cozido | B94: 100 | C94: =B94*78/100 -> 78 | D94: =B94*1.5/100 -> 1.5 | E94: =B94*0.1/100 -> 0.1 | K94: NA | L94: =B94*18.9/100 -> 18.9 | M94: =B94*2.6/100 -> 2.6 | N94: =B94*5/100 -> 5 | O94: =B94*15/100 -> 15 | P94: =B94*0.02/100 -> 0.02 | Q94: =B94*28/100 -> 28 | R94: =B94*0.3/100 -> 0.3 | S94: =B94*1/100 -> 1 | T94: =B94*203/100 -> 203 | U94: =B94*0.11/100 -> 0.11 | V94: =B94*0.2/100 -> 0.2 | W94: NA | X94: =B94*0.12/100 -> 0.12 | Y94: Tr | Z94: =B94*0.12/100 -> 0.12 | AA94: Tr | AB94: Tr
A95: Cará, cru | B95: 100 | C95: =B95*96/100 -> 96 | D95: =B95*2.3/100 -> 2.3 | E95: =B95*0.1/100 -> 0.1 | K95: NA | L95: =B95*23/100 -> 23 | M95: =B95*7.3/100 -> 7.3 | N95: * | O95: =B95*11/100 -> 11 | P95: =B95*0.01/100 -> 0.01 | Q95: =B95*35/100 -> 35 | R95: =B95*0.2/100 -> 0.2 | S95: Tr | T95: * | U95: =B95*0.06/100 -> 0.06 | V95: =B95*0.2/100 -> 0.2 | W95: NA | X95: =B95*0.11/100 -> 0.11 | Y95: Tr | Z95: =B95*0.02/100 -> 0.02 | AA95: * | AB95: *
A96: Caruru, cru | B96: 100 | C96: =B96*34/100 -> 34 | D96: =B96*3.2/100 -> 3.2 | E96: =B96*0.6/100 -> 0.6 | F96: =B96*0.1/100 -> 0.1 | G96: Tr | H96: =B96*0.3/100 -> 0.3 | I96: =B96*0.09/100 -> 0.09 | J96: =B96*0.17/100 -> 0.17 | K96: NA | L96: =B96*6/100 -> 6 | M96: =B96*4.5/100 -> 4.5 | N96: =B96*455/100 -> 455 | O96: =B96*197/100 -> 197 | P96: =B96*0.89/100 -> 0.89 | Q96: =B96*77/100 -> 77 | R96: =B96*4.5/100 -> 4.5 | S96: =B96*14/100 -> 14 | T96: =B96*279/100 -> 279 | U96: =B96*0.37/100 -> 0.37 | V96: =B96*6/100 -> 6 | W96: NA | X96: Tr | Y96: =B96*0.1/100 -> 0.1 | Z96: =B96*0.11/100 -> 0.11 | AA96: Tr | AB96: =B96*5.4/100 -> 5.4
A97: Catalonha, crua | B97: 100 | C97: =B97*24/100 -> 24 | D97: =B97*1.9/100 -> 1.9 | E97: =B97*0.3/100 -> 0.3 | F97: =B97*0.1/100 -> 0.1 | G97: Tr | H97: =B97*0.1/100 -> 0.1 | I97: =B97*0.04/100 -> 0.04 | J97: =B97*0.1/100 -> 0.1 | K97: NA | L97: =B97*4.8/100 -> 4.8 | M97: =B97*2/100 -> 2 | N97: =B97*57/100 -> 57 | O97: =B97*17/100 -> 17 | P97: =B97*0.34/100 -> 0.34 | Q97: =B97*32/100 -> 32 | R97: =B97*3.1/100 -> 3.1 | S97: =B97*9/100 -> 9 | T97: =B97*412/100 -> 412 | U97: =B97*0.27/100 -> 0.27 | V97: =B97*0.5/100 -> 0.5 | W97: NA | X97: Tr | Y97: Tr | Z97: =B97*0.36/100 -> 0.36 | AA97: =B97*1.54/100 -> 1.54 | AB97: =B97*7.3/100 -> 7.3
A98: Cebola, crua | B98: 100 | C98: =B98*39/100 -> 39 | D98: =B98*1.7/100 -> 1.7 | E98: =B98*0.1/100 -> 0.1 | K98: NA | L98: =B98*8.9/100 -> 8.9 | M98: =B98*2.2/100 -> 2.2 | N98: =B98*14/100 -> 14 | O98: =B98*404/100 -> 404 | P98: =B98*0.13/100 -> 0.13 | Q98: =B98*38/100 -> 38 | R98: =B98*0.2/100 -> 0.2 | S98: =B98*1/100 -> 1 | T98: =B98*176/100 -> 176 | U98: =B98*0.05/100 -> 0.05 | V98: =B98*0.2/100 -> 0.2 | W98: NA | X98: =B98*0.04/100 -> 0.04 | Y98: Tr | Z98: =B98*0.14/100 -> 0.14 | AA98: * | AB98: =B98*4.7/100 -> 4.7
A99: Cebolinha, crua | B99: 100 | C99: =B99*20/100 -> 20 | D99: =B99*1.9/100 -> 1.9 | E99: =B99*0.4/100 -> 0.4 | K99: NA | L99: =B99*3.4/100 -> 3.4 | M99: =B99*3.6/100 -> 3.6 | N99: =B99*80/100 -> 80 | O99: =B99*25/100 -> 25 | P99: =B99*0.13/100 -> 0.13 | Q99: =B99*27/100 -> 27 | R99: =B99*0.6/100 -> 0.6 | S99: =B99*2/100 -> 2 | T99: =B99*206/100 -> 206 | U99: =B99*0.04/100 -> 0.04 | V99: =B99*0.3/100 -> 0.3 | W99: NA | X99: =B99*0.03/100 -> 0.03 | Y99: =B99*0.04/100 -> 0.04 | Z99: =B99*0.08/100 -> 0.08 | AA99: Tr | AB99: *
A100: Cenoura, cozida | B100: 100 | C100: =B100*30/100 -> 30 | D100: =B100*0.8/100 -> 0.8 | E100: =B100*0.2/100 -> 0.2 | F100: Tr | G100: Tr | H100: =B100*0.1/100 -> 0.1 | I100: =B100*0.12/100 -> 0.12 | J100: Tr | K100: NA | L100: =B100*6.7/100 -> 6.7 | M100: =B100*2.6/100 -> 2.6 | N100: =B100*26/100 -> 26 | O100: =B100*14/100 -> 14 | P100: =B100*0.05/100 -> 0.05 | Q100: =B100*27/100 -> 27 | R100: =B100*0.1/100 -> 0.1 | S100: =B100*8/100 -> 8 | T100: =B100*176/100 -> 176 | U100: =B100*0.02/100 -> 0.02 | V100: =B100*0.2/100 -> 0.2 | W100: NA | X100: =B100*0.07/100 -> 0.07 | Y100: Tr | Z100: =B100*0.06/100 -> 0.06 | AA100: =B100*2.68/100 -> 2.68 | AB100: Tr
...

Sheet TACO v.4  - 2011
A1: Descrição do alimento | B1: Quantidade (g) | C1: Energia (kcal) | D1: Proteína (g) | E1: Lipídeos (g) | F1: Saturada (g) | G1: Monoinsat (g) | H1: Polinsat (g) | I1: ômega 6 | J1: ômega 3 | K1: Colesterol (mg) | L1: CHO (g) | M1: Fibras (g) | N1: Cálcio (mg) | O1: Mg (mg) | P1: Mn (mg) | Q1: P (mg) | R1: Ferro (mg) | S1: Sódio (mg) | T1: Potássio (mg) | U1: Cobre (mg) | V1: Zinco (mg) | W1: Retinol (mcg) | X1: Tiamina (mg) | Y1: Riboflavina (mg) | Z1: Piridoxina (mg) | AA1: Niacina (mg) | AB1: Vit. C (mg)
A2: Cereais e derivados
A3: Arroz, integral, cozido | B3: 100 | C3: =B3*123.5348925/100 -> 123.53489 | D3: =B3*2.58825/100 -> 2.58825 | E3: =B3*1.00033333333333/100 -> 1.0003333 | F3: =B3*0.3/100 -> 0.3 | G3: =B3*0.4/100 -> 0.4 | H3: =B3*0.3/100 -> 0.3 | I3: =B3*0.31/100 -> 0.31 | J3: =B3*0.01/100 -> 0.01 | K3: NA | L3: =B3*25.80975/100 -> 25.80975 | M3: =B3*2.74933333333333/100 -> 2.7493333 | N3: =B3*5.204/100 -> 5.204 | O3: =B3*58.702/100 -> 58.702 | P3: =B3*0.627333333333333/100 -> 0.62733333 | Q3: =B3*105.853/100 -> 105.853 | R3: =B3*0.262/100 -> 0.262 | S3: =B3*1.24466666666667/100 -> 1.2446667 | T3: =B3*75.1516666666667/100 -> 75.151667 | U3: =B3*0.0203333333333333/100 -> 0.020333333 | V3: =B3*0.682666666666667/100 -> 0.68266667 | W3: NA | X3: =B3*0.08/100 -> 0.08 | Y3: Tr | Z3: =B3*0.08/100 -> 0.08 | AA3: Tr
A4: Arroz, integral, cru | B4: 100 | C4: =B4*359.678002032609/100 -> 359.678 | D4: =B4*7.32328586956522/100 -> 7.3232859 | E4: =B4*1.86483333333333/100 -> 1.8648333 | F4: =B4*0.3/100 -> 0.3 | G4: =B4*0.5/100 -> 0.5 | H4: =B4*0.4/100 -> 0.4 | I4: =B4*0.38/100 -> 0.38 | J4: =B4*0.02/100 -> 0.02 | K4: NA | L4: =B4*77.4507141304348/100 -> 77.450714 | M4: =B4*4.81916666666667/100 -> 4.8191667 | N4: =B4*7.818/100 -> 7.818 | O4: =B4*109.71/100 -> 109.71 | P4: =B4*2.99333333333333/100 -> 2.9933333 | Q4: =B4*250.865/100 -> 250.865 | R4: =B4*0.948333333333333/100 -> 0.94833333 | S4: =B4*1.64566666666667/100 -> 1.6456667 | T4: =B4*173.34/100 -> 173.34 | U4: =B4*0.0748333333333333/100 -> 0.074833333 | V4: =B4*1.39516666666667/100 -> 1.3951667 | W4: NA | X4: =B4*0.261666666666667/100 -> 0.26166667 | Y4: Tr | Z4: =B4*0.175/100 -> 0.175 | AA4: =B4*4.18333333333333/100 -> 4.1833333
A5: Arroz, tipo 1, cozido | B5: 100 | C5: =B5*128.258485666667/100 -> 128.25849 | D5: =B5*2.52081666666667/100 -> 2.5208167 | E5: =B5*0.227/100 -> 0.227 | F5: =B5*0.2/100 -> 0.2 | G5: Tr | H5: Tr | I5: =B5*0.06/100 -> 0.06 | K5: NA | L5: =B5*28.05985/100 -> 28.05985 | M5: =B5*1.561/100 -> 1.561 | N5: =B5*3.54433333333333/100 -> 3.5443333 | O5: =B5*2.25333333333333/100 -> 2.2533333 | P5: =B5*0.296666666666667/100 -> 0.29666667 | Q5: =B5*17.945/100 -> 17.945 | R5: =B5*0.0766666666666667/100 -> 0.076666667 | S5: =B5*1.20066666666667/100 -> 1.2006667 | T5: =B5*14.6736666666667/100 -> 14.673667 | U5: =B5*0.015/100 -> 0.015 | V5: =B5*0.491333333333333/100 -> 0.49133333 | W5: NA | X5: Tr | Y5: Tr | Z5: Tr | AA5: Tr
A6: Arroz, tipo 1, cru | B6: 100 | C6: =B6*357.789273115942/100 -> 357.78927 | D6: =B6*7.15853985507246/100 -> 7.1585399 | E6: =B6*0.335/100 -> 0.335 | F6: =B6*0.1/100 -> 0.1 | G6: =B6*0.1/100 -> 0.1 | H6: =B6*0.1/100 -> 0.1 | I6: =B6*0.08/100 -> 0.08 | J6: Tr | K6: NA | L6: =B6*78.7595434782609/100 -> 78.759543 | M6: =B6*1.63916666666667/100 -> 1.6391667 | N6: =B6*4.41433333333333/100 -> 4.4143333 | O6: =B6*30.3836666666667/100 -> 30.383667 | P6: =B6*1.03233333333333/100 -> 1.0323333 | Q6: =B6*104.207583333333/100 -> 104.20758 | R6: =B6*0.6777475/100 -> 0.6777475 | S6: =B6*1.01916666666667/100 -> 1.0191667 | T6: =B6*62.4994166666667/100 -> 62.499417 | U6: =B6*0.114833333333333/100 -> 0.11483333 | V6: =B6*1.22483333333333/100 -> 1.2248333 | W6: NA | X6: =B6*0.163333333333333/100 -> 0.16333333 | Y6: Tr | Z6: =B6*0.0691666666666667/100 -> 0.069166667 | AA6: =B6*1.11666666666667/100 -> 1.1166667
A7: Arroz, tipo 2, cozido | B7: 100 | C7: =B7*130.119648333333/100 -> 130.11965 | D7: =B7*2.56841666666667/100 -> 2.5684167 | E7: =B7*0.361666666666667/100 -> 0.36166667 | F7: =B7*0.1/100 -> 0.1 | G7: =B7*0.1/100 -> 0.1 | H7: =B7*0.1/100 -> 0.1 | I7: =B7*0.09/100 -> 0.09 | J7: Tr | K7: NA | L7: =B7*28.1925833333333/100 -> 28.192583 | M7: =B7*1.06966666666667/100 -> 1.0696667 | N7: =B7*3.33366666666667/100 -> 3.3336667 | O7: =B7*6.05333333333333/100 -> 6.0533333 | P7: =B7*0.371/100 -> 0.371 | Q7: =B7*21.5213333333333/100 -> 21.521333 | R7: =B7*0.0503333333333333/100 -> 0.050333333 | S7: =B7*1.95966666666667/100 -> 1.9596667 | T7: =B7*20.2033333333333/100 -> 20.203333 | U7: =B7*0.041/100 -> 0.041 | V7: =B7*0.549333333333333/100 -> 0.54933333 | W7: NA | X7: Tr | Y7: Tr | Z7: Tr | AA7: Tr
A8: Arroz, tipo 2, cru | B8: 100 | C8: =B8*358.116761456522/100 -> 358.11676 | D8: =B8*7.24188297101449/100 -> 7.241883 | E8: =B8*0.2755/100 -> 0.2755 | F8: =B8*0.1/100 -> 0.1 | G8: =B8*0.1/100 -> 0.1 | H8: =B8*0.1/100 -> 0.1 | I8: =B8*0.09/100 -> 0.09 | J8: Tr | K8: NA | L8: =B8*78.8814503623188/100 -> 78.88145 | M8: =B8*1.71983333333333/100 -> 1.7198333 | N8: =B8*4.8335/100 -> 4.8335 | O8: =B8*29.2390833333333/100 -> 29.239083 | P8: =B8*0.828/100 -> 0.828 | Q8: =B8*82.0439166666667/100 -> 82.043917 | R8: =B8*0.597833333333333/100 -> 0.59783333 | S8: =B8*0.568833333333333/100 -> 0.56883333 | T8: =B8*57.2845833333333/100 -> 57.284583 | U8: =B8*0.052/100 -> 0.052 | V8: =B8*1.27208333333333/100 -> 1.2720833 | W8: NA | X8: =B8*0.163333333333333/100 -> 0.16333333 | Y8: Tr | Z8: =B8*0.0491666666666667/100 -> 0.049166667 | AA8: =B8*0.918333333333333/100 -> 0.91833333
A9: Aveia, flocos, crua | B9: 100 | C9: =B9*393.822689449275/100 -> 393.82269 | D9: =B9*13.9210260869565/100 -> 13.921026 | E9: =B9*8.49666666666667/100 -> 8.4966667 | F9: =B9*1.54/100 -> 1.54 | G9: =B9*3.15566666666667/100 -> 3.1556667 | H9: =B9*3.01633333333333/100 -> 3.0163333 | I9: =B9*2.95433333333333/100 -> 2.9543333 | J9: =B9*0.062/100 -> 0.062 | K9: NA | L9: =B9*66.6356405797102/100 -> 66.635641 | M9: =B9*9.13/100 -> 9.13 | N9: =B9*47.89/100 -> 47.89 | O9: =B9*118.762333333333/100 -> 118.76233 | P9: =B9*1.89466666666667/100 -> 1.8946667 | Q9: =B9*153.396666666667/100 -> 153.39667 | R9: =B9*4.44666666666667/100 -> 4.4466667 | S9: =B9*4.62666666666667/100 -> 4.6266667 | T9: =B9*336.333333333333/100 -> 336.33333 | U9: =B9*0.44/100 -> 0.44 | V9: =B9*2.63/100 -> 2.63 | W9: NA | X9: =B9*0.553333333333333/100 -> 0.55333333 | Y9: =B9*0.03/100 -> 0.03 | Z9: Tr | AA9: =B9*4.47/100 -> 4.47 | AB9: =B9*1.35/100 -> 1.35
A10: Biscoito, doce, maisena | B10: 100 | C10: =B10*442.819390144928/100 -> 442.81939 | D10: =B10*8.07252173913043/100 -> 8.0725217 | E10: =B10*11.9666666666667/100 -> 11.966667 | F10: =B10*3.9/100 -> 3.9 | G10: =B10*3.7/100 -> 3.7 | H10: =B10*2.2/100 -> 2.2 | I10: =B10*2.13/100 -> 2.13 | J10: =B10*0.1/100 -> 0.1 | K10: NA | L10: =B10*75.2341449275362/100 -> 75.234145 | M10: =B10*2.1/100 -> 2.1 | N10: =B10*54.45/100 -> 54.45 | O10: =B10*37.1433333333333/100 -> 37.143333 | P10: =B10*0.778333333333333/100 -> 0.77833333 | Q10: =B10*166.103333333333/100 -> 166.10333 | R10: =B10*1.76/100 -> 1.76 | S10: =B10*352.026666666667/100 -> 352.02667 | T10: =B10*141.64/100 -> 141.64 | U10: =B10*0.17/100 -> 0.17 | V10: =B10*1.03/100 -> 1.03 | W10: NA | X10: =B10*1.01/100 -> 1.01 | Y10: =B10*0.416666666666667/100 -> 0.41666667 | Z10: =B10*0.23/100 -> 0.23 | AA10: =B10*3.90666666666667/100 -> 3.9066667 | AB10: =B10*6.21666666666667/100 -> 6.2166667
A11: Biscoito, doce, recheado com chocolate | B11: 100 | C11: =B11*471.824779710145/100 -> 471.82478 | D11: =B11*6.39721739130435/100 -> 6.3972174 | E11: =B11*19.5833333333333/100 -> 19.583333 | F11: =B11*6.2/100 -> 6.2 | G11: =B11*6.6/100 -> 6.6 | H11: =B11*1.7/100 -> 1.7 | I11: =B11*1.68/100 -> 1.68 | J11: =B11*0.06/100 -> 0.06 | K11: Tr | L11: =B11*70.5494492753623/100 -> 70.549449 | M11: =B11*2.95666666666667/100 -> 2.9566667 | N11: =B11*27.23/100 -> 27.23 | O11: =B11*47.9766666666667/100 -> 47.976667 | P11: =B11*0.588/100 -> 0.588 | Q11: =B11*139.45/100 -> 139.45 | R11: =B11*2.27/100 -> 2.27 | S11: =B11*239.2/100 -> 239.2 | T11: =B11*232.4/100 -> 232.4 | U11: =B11*0.273333333333333/100 -> 0.27333333 | V11: =B11*0.993333333333333/100 -> 0.99333333 | W11: Tr | X11: =B11*0.316666666666667/100 -> 0.31666667 | Y11: =B11*0.393333333333333/100 -> 0.39333333 | Z11: =B11*0.456666666666667/100 -> 0.45666667 | AA11: =B11*2.52333333333333/100 -> 2.5233333 | AB11: =B11*3.52666666666667/100 -> 3.5266667
A12: Biscoito, doce, recheado com morango | B12: 100 | C12: =B12*471.174736231884/100 -> 471.17474 | D12: =B12*5.71982608695652/100 -> 5.7198261 | E12: =B12*19.5733333333333/100 -> 19.573333 | F12: =B12*6.1/100 -> 6.1 | G12: =B12*6.5/100 -> 6.5 | H12: =B12*1.7/100 -> 1.7 | I12: =B12*1.61/100 -> 1.61 | J12: =B12*0.06/100 -> 0.06 | K12: Tr | L12: =B12*71.0135072463768/100 -> 71.013507 | M12: =B12*1.53333333333333/100 -> 1.5333333 | N12: =B12*35.78/100 -> 35.78 | O12: =B12*27.1/100 -> 27.1 | P12: =B12*(0.663+0.666+0.648)/3/100 -> 0.659 | Q12: =B12*137.743333333333/100 -> 137.74333 | R12: =B12*1.48/100 -> 1.48 | S12: =B12*229.816666666667/100 -> 229.81667 | T12: =B12*113.013333333333/100 -> 113.01333 | U12: =B12*0.126666666666667/100 -> 0.12666667 | V12: =B12*0.726666666666667/100 -> 0.72666667 | W12: Tr | X12: =B12*0.896666666666667/100 -> 0.89666667 | Y12: =B12*0.42/100 -> 0.42 | Z12: =B12*0.21/100 -> 0.21 | AA12: =B12*1.49666666666667/100 -> 1.4966667 | AB12: Tr
A13: Biscoito, doce, wafer, recheado de chocolate | B13: 100 | C13: =B13*502.456857971014/100 -> 502.45686 | D13: =B13*5.56452173913044/100 -> 5.5645217 | E13: =B13*24.6733333333333/100 -> 24.673333 | F13: =B13*6.5/100 -> 6.5 | G13: =B13*8.1/100 -> 8.1 | H13: =B13*1.9/100 -> 1.9 | I13: =B13*1.84/100 -> 1.84 | J13: =B13*0.09/100 -> 0.09 | K13: Tr | L13: =B13*67.5354782608696/100 -> 67.535478 | M13: =B13*1.80333333333333/100 -> 1.8033333 | N13: =B13*23.3433333333333/100 -> 23.343333 | O13: =B13*47.8533333333333/100 -> 47.853333 | P13: =B13*0.435/100 -> 0.435 | Q13: =B13*124.203333333333/100 -> 124.20333 | R13: =B13*2.44333333333333/100 -> 2.4433333 | S13: =B13*137.24/100 -> 137.24 | T13: =B13*240.453333333333/100 -> 240.45333 | U13: =B13*0.263333333333333/100 -> 0.26333333 | V13: =B13*0.873333333333333/100 -> 0.87333333 | W13: Tr | X13: =B13*0.366666666666667/100 -> 0.36666667 | Y13: =B13*0.03/100 -> 0.03 | Z13: =B13*0.296666666666667/100 -> 0.29666667 | AA13: =B13*1.12/100 -> 1.12 | AB13: Tr
A14: Biscoito, doce, wafer, recheado de morango | B14: 100 | C14: =B14*513.446182608696/100 -> 513.44618 | D14: =B14*4.51704347826087/100 -> 4.5170435 | E14: =B14*26.4/100 -> 26.4 | F14: =B14*6.7/100 -> 6.7 | G14: =B14*8.9/100 -> 8.9 | H14: =B14*1.8/100 -> 1.8 | I14: =B14*1.77/100 -> 1.77 | J14: =B14*0.08/100 -> 0.08 | K14: =B14*1.26733333333333/100 -> 1.2673333 | L14: =B14*67.3529565217391/100 -> 67.352957 | M14: =B14*0.82/100 -> 0.82 | N14: =B14*13.7066666666667/100 -> 13.706667 | O14: =B14*18.54/100 -> 18.54 | P14: =B14*0.279666666666667/100 -> 0.27966667 | Q14: =B14*73.1633333333333/100 -> 73.163333 | R14: =B14*1.09333333333333/100 -> 1.0933333 | S14: =B14*119.9/100 -> 119.9 | T14: =B14*74.8433333333333/100 -> 74.843333 | U14: =B14*0.0833333333333333/100 -> 0.083333333 | V14: =B14*0.513333333333333/100 -> 0.51333333 | W14: Tr | X14: =B14*0.356666666666667/100 -> 0.35666667 | Y14: Tr | Z14: =B14*0.94/100 -> 0.94 | AA14: =B14*0.373333333333333/100 -> 0.37333333
A15: Biscoito, salgado, cream cracker | B15: 100 | C15: =B15*431.73228115942/100 -> 431.73228 | D15: =B15*10.0551304347826/100 -> 10.05513 | E15: =B15*14.4366666666667/100 -> 14.436667 | F15: =B15*4.4/100 -> 4.4 | G15: =B15*4.6/100 -> 4.6 | H15: =B15*2.9/100 -> 2.9 | I15: =B15*2.79/100 -> 2.79 | J15: =B15*0.01/100 -> 0.01 | K15: NA | L15: =B15*68.731536231884/100 -> 68.731536 | M15: =B15*2.51/100 -> 2.51 | N15: =B15*20.0033333333333/100 -> 20.003333 | O15: =B15*39.7466666666667/100 -> 39.746667 | P15: =B15*0.689666666666667/100 -> 0.68966667 | Q15: =B15*148.26/100 -> 148.26 | R15: =B15*2.2/100 -> 2.2 | S15: =B15*854.356666666667/100 -> 854.35667 | T15: =B15*180.613333333333/100 -> 180.61333 | U15: =B15*0.18/100 -> 0.18 | V15: =B15*1.13666666666667/100 -> 1.1366667 | W15: NA | X15: =B15*0.71/100 -> 0.71 | Y15: =B15*0.13/100 -> 0.13 | Z15: =B15*0.17/100 -> 0.17 | AA15: =B15*7.13666666666667/100 -> 7.1366667
A16: Bolo, mistura para | B16: 100 | C16: =B16*418.633333333333/100 -> 418.63333 | D16: =B16*6.15942028985507/100 -> 6.1594203 | E16: =B16*6.12666666666667/100 -> 6.1266667 | F16: =B16*2.095/100 -> 2.095 | G16: =B16*1.89016666666667/100 -> 1.8901667 | H16: =B16*0.813/100 -> 0.813 | I16: =B16*0.778166666666667/100 -> 0.77816667 | J16: =B16*0.0348333333333333/100 -> 0.034833333 | K16: Tr | L16: =B16*84.7139130434783/100 -> 84.713913 | M16: =B16*1.70333333333333/100 -> 1.7033333 | N16: =B16*58.879/100 -> 58.879 | O16: =B16*27.922/100 -> 27.922 | P16: =B16*0.462666666666667/100 -> 0.46266667 | Q16: =B16*332.657666666667/100 -> 332.65767 | R16: =B16*1.21066666666667/100 -> 1.2106667 | S16: =B16*462.88/100 -> 462.88 | T16: =B16*75.363/100 -> 75.363 | U16: =B16*0.153333333333333/100 -> 0.15333333 | V16: =B16*0.582666666666667/100 -> 0.58266667 | W16: NA | X16: =B16*0.176666666666667/100 -> 0.17666667 | Y16: Tr | Z16: =B16*1.50333333333333/100 -> 1.5033333 | AA16: =B16*1.51666666666667/100 -> 1.5166667 | AB16: Tr
A17: Bolo, pronto, aipim | B17: 100 | C17: =B17*323.851666666667/100 -> 323.85167 | D17: =B17*4.41666666666667/100 -> 4.4166667 | E17: =B17*12.7476666666667/100 -> 12.747667 | F17: =B17*5/100 -> 5 | G17: =B17*3.9/100 -> 3.9 | H17: =B17*1.1/100 -> 1.1 | I17: =B17*1.04/100 -> 1.04 | J17: =B17*0.06/100 -> 0.06 | K17: =B17*73.204/100 -> 73.204 | L17: =B17*47.864/100 -> 47.864 | M17: =B17*0.690666666666667/100 -> 0.69066667 | N17: =B17*85.0223333333333/100 -> 85.022333 | O17: =B17*10.344/100 -> 10.344 | P17: =B17*0.107/100 -> 0.107 | Q17: =B17*122.194/100 -> 122.194 | R17: =B17*0.489/100 -> 0.489 | S17: =B17*111.008333333333/100 -> 111.00833 | T17: =B17*134.822666666667/100 -> 134.82267 | U17: =B17*0.0516666666666667/100 -> 0.051666667 | V17: =B17*0.415666666666667/100 -> 0.41566667 | W17: Tr | X17: =B17*0.13/100 -> 0.13 | Y17: =B17*0.07/100 -> 0.07 | Z17: Tr | AA17: Tr | AB17: Tr
A18: Bolo, pronto, chocolate | B18: 100 | C18: =B18*410.013666666667/100 -> 410.01367 | D18: =B18*6.22291666666667/100 -> 6.2229167 | E18: =B18*18.4723333333333/100 -> 18.472333 | F18: =B18*5.5/100 -> 5.5 | G18: =B18*6.2/100 -> 6.2 | H18: =B18*3/100 -> 3 | I18: =B18*2.85/100 -> 2.85 | J18: =B18*0.04/100 -> 0.04 | K18: =B18*76.7976666666667/100 -> 76.797667 | L18: =B18*54.71775/100 -> 54.71775 | M18: =B18*1.43/100 -> 1.43 | N18: =B18*74.5846666666667/100 -> 74.584667 | O18: =B18*27.6866666666667/100 -> 27.686667 | P18: =B18*0.379333333333333/100 -> 0.37933333 | Q18: =B18*196.976666666667/100 -> 196.97667 | R18: =B18*2.13233333333333/100 -> 2.1323333 | S18: =B18*283.3/100 -> 283.3 | T18: =B18*211.763333333333/100 -> 211.76333 | U18: =B18*0.0463333333333333/100 -> 0.046333333 | V18: =B18*0.713666666666667/100 -> 0.71366667 | W18: Tr | X18: =B18*0.133333333333333/100 -> 0.13333333 | Y18: =B18*0.0933333333333333/100 -> 0.093333333 | Z18: =B18*0.05/100 -> 0.05 | AA18: Tr | AB18: Tr
A19: Bolo, pronto, coco | B19: 100 | C19: =B19*333.437666666667/100 -> 333.43767 | D19: =B19*5.66666666666667/100 -> 5.6666667 | E19: =B19*11.2963333333333/100 -> 11.296333 | F19: =B19*4.9/100 -> 4.9 | G19: =B19*3/100 -> 3 | H19: =B19*1.8/100 -> 1.8 | I19: =B19*1.71/100 -> 1.71 | J19: =B19*0.06/100 -> 0.06 | K19: =B19*63.2076666666667/100 -> 63.207667 | L19: =B19*52.276/100 -> 52.276 | M19: =B19*1.055/100 -> 1.055 | N19: =B19*57.1053333333333/100 -> 57.105333 | O19: =B19*16.2516666666667/100 -> 16.251667 | P19: =B19*0.399/100 -> 0.399 | Q19: =B19*303.396333333333/100 -> 303.39633 | R19: =B19*0.848/100 -> 0.848 | S19: =B19*190.338666666667/100 -> 190.33867 | T19: =B19*143.294/100 -> 143.294 | U19: =B19*0.089/100 -> 0.089 | V19: =B19*0.675666666666667/100 -> 0.67566667 | W19: Tr | X19: =B19*0.153333333333333/100 -> 0.15333333 | Y19: =B19*0.0566666666666667/100 -> 0.056666667 | Z19: Tr | AA19: Tr | AB19: Tr
A20: Bolo, pronto, milho | B20: 100 | C20: =B20*311.387/100 -> 311.387 | D20: =B20*4.80416666666667/100 -> 4.8041667 | E20: =B20*12.415/100 -> 12.415 | F20: =B20*4.5/100 -> 4.5 | G20: =B20*3.9/100 -> 3.9 | H20: =B20*1.5/100 -> 1.5 | I20: =B20*1.38/100 -> 1.38 | J20: =B20*0.08/100 -> 0.08 | K20: =B20*81.6873333333333/100 -> 81.687333 | L20: =B20*45.1088333333333/100 -> 45.108833 | M20: =B20*0.71/100 -> 0.71 | N20: =B20*82.5846666666667/100 -> 82.584667 | O20: =B20*10.249/100 -> 10.249 | P20: =B20*0.107666666666667/100 -> 0.10766667 | Q20: =B20*128.196333333333/100 -> 128.19633 | R20: =B20*0.65/100 -> 0.65 | S20: =B20*133.811/100 -> 133.811 | T20: =B20*118.427333333333/100 -> 118.42733 | U20: =B20*0.04/100 -> 0.04 | V20: =B20*0.435/100 -> 0.435 | W20: =B20*56.8866666666667/100 -> 56.886667 | X20: =B20*0.11/100 -> 0.11 | Y20: =B20*0.05/100 -> 0.05 | Z20: Tr | AA20: Tr | AB20: Tr
A21: Canjica, branca, crua | B21: 100 | C21: =B21*357.60259/100 -> 357.60259 | D21: =B21*7.2/100 -> 7.2 | E21: =B21*0.971/100 -> 0.971 | F21: =B21*0.3/100 -> 0.3 | G21: =B21*0.2/100 -> 0.2 | H21: =B21*0.4/100 -> 0.4 | I21: =B21*0.38/100 -> 0.38 | J21: =B21*0.01/100 -> 0.01 | K21: NA | L21: =B21*78.061/100 -> 78.061 | M21: =B21*5.49933333333333/100 -> 5.4993333 | N21: =B21*1.96466666666667/100 -> 1.9646667 | O21: =B21*12.325/100 -> 12.325 | P21: =B21*0.0863333333333333/100 -> 0.086333333 | Q21: =B21*48.498/100 -> 48.498 | R21: =B21*0.321666666666667/100 -> 0.32166667 | S21: =B21*0.789666666666667/100 -> 0.78966667 | T21: =B21*92.9473333333333/100 -> 92.947333 | U21: =B21*0.045/100 -> 0.045 | V21: =B21*0.362333333333333/100 -> 0.36233333 | W21: NA | X21: Tr | Y21: Tr | Z21: Tr | AA21: Tr | AB21: Tr
A22: Canjica, com leite integral | B22: 100 | C22: =B22*112.456777220465/100 -> 112.45678 | D22: =B22*2.36060004234314/100 -> 2.3606 | E22: =B22*1.24433333333333/100 -> 1.2443333 | F22: =B22*0.603666666666667/100 -> 0.60366667 | G22: =B22*0.365666666666667/100 -> 0.36566667 | H22: =B22*0.149666666666667/100 -> 0.14966667 | I22: =B22*0.149666666666667/100 -> 0.14966667 | J22: Tr | K22: =B22*1.35066666666667/100 -> 1.3506667 | L22: =B22*23.6277332909902/100 -> 23.627733 | M22: =B22*1.21666666666667/100 -> 1.2166667 | N22: =B22*42.5626666666667/100 -> 42.562667 | O22: =B22*5.83833333333333/100 -> 5.8383333 | P22: =B22*0.02/100 -> 0.02 | Q22: =B22*40.5833333333333/100 -> 40.583333 | R22: =B22*0.056/100 -> 0.056 | S22: =B22*27.5866666666667/100 -> 27.586667 | T22: =B22*69.809/100 -> 69.809 | U22: =B22*0.0256666666666667/100 -> 0.025666667 | V22: =B22*0.278/100 -> 0.278 | W22: Tr | X22: Tr | Y22: =B22*0.04/100 -> 0.04 | Z22: Tr | AA22: Tr | AB22: Tr
A23: Cereais, milho, flocos, com sal | B23: 100 | C23: =B23*369.59975/100 -> 369.59975 | D23: =B23*7.29166666666667/100 -> 7.2916667 | E23: =B23*1.60333333333333/100 -> 1.6033333 | F23: =B23*0.5/100 -> 0.5 | G23: =B23*0.6/100 -> 0.6 | H23: =B23*0.9/100 -> 0.9 | I23: =B23*0.89/100 -> 0.89 | J23: =B23*0.03/100 -> 0.03 | K23: NA | L23: =B23*80.835/100 -> 80.835 | M23: =B23*5.29333333333333/100 -> 5.2933333 | N23: =B23*1.81366666666667/100 -> 1.8136667 | O23: =B23*20.096/100 -> 20.096 | P23: Tr | Q23: =B23*90.7703333333333/100 -> 90.770333 | R23: =B23*0.524333333333333/100 -> 0.52433333 | S23: =B23*271.737666666667/100 -> 271.73767 | T23: =B23*68.66/100 -> 68.66 | U23: Tr | V23: =B23*0.611/100 -> 0.611 | W23: NA | X23: =B23*0.12/100 -> 0.12 | Y23: Tr | Z23: =B23*0.06/100 -> 0.06 | AA23: Tr | AB23: Tr
A24: Cereais, milho, flocos, sem sal | B24: 100 | C24: =B24*363.338316666667/100 -> 363.33832 | D24: =B24*6.875/100 -> 6.875 | E24: =B24*1.18333333333333/100 -> 1.1833333 | F24: =B24*0.3/100 -> 0.3 | G24: =B24*0.3/100 -> 0.3 | H24: =B24*0.6/100 -> 0.6 | I24: =B24*0.6/100 -> 0.6 | J24: =B24*0.02/100 -> 0.02 | K24: NA | L24: =B24*80.4483333333333/100 -> 80.448333 | M24: =B24*1.83666666666667/100 -> 1.8366667 | N24: =B24*1.97466666666667/100 -> 1.9746667 | O24: =B24*16.5486666666667/100 -> 16.548667 | P24: Tr | Q24: =B24*58.3596666666667/100 -> 58.359667 | R24: =B24*1.69333333333333/100 -> 1.6933333 | S24: =B24*30.9703333333333/100 -> 30.970333 | T24: =B24*28.6973333333333/100 -> 28.697333 | U24: =B24*0.240333333333333/100 -> 0.24033333 | V24: =B24*0.325666666666667/100 -> 0.32566667 | W24: NA | X24: =B24*0.05/100 -> 0.05 | Y24: Tr | Z24: =B24*0.04/100 -> 0.04 | AA24: Tr | AB24: Tr
A25: Cereais, mingau, milho, infantil | B25: 100 | C25: =B25*394.42752173913/100 -> 394.42752 | D25: =B25*6.43115942028986/100 -> 6.4311594 | E25: =B25*1.09333333333333/100 -> 1.0933333 | F25: =B25*0.3/100 -> 0.3 | G25: =B25*0.3/100 -> 0.3 | H25: =B25*0.5/100 -> 0.5 | I25: =B25*0.45/100 -> 0.45 | J25: =B25*0.01/100 -> 0.01 | K25: NA | L25: =B25*87.2655072463768/100 -> 87.265507 | M25: =B25*3.21333333333333/100 -> 3.2133333 | N25: =B25*218.806666666667/100 -> 218.80667 | O25: =B25*16.03/100 -> 16.03 | P25: =B25*0.106333333333333/100 -> 0.10633333 | Q25: =B25*169.163333333333/100 -> 169.16333 | R25: =B25*3.03/100 -> 3.03 | S25: =B25*399.403333333333/100 -> 399.40333 | T25: =B25*82.0166666666667/100 -> 82.016667 | U25: =B25*0.0433333333333333/100 -> 0.043333333 | V25: =B25*0.363333333333333/100 -> 0.36333333 | W25: =B25*21.4166666666667/100 -> 21.416667 | X25: =B25*3.72333333333333/100 -> 3.7233333 | Y25: =B25*0.466666666666667/100 -> 0.46666667 | Z25: =B25*5.07666666666667/100 -> 5.0766667 | AA25: =B25*24.1633333333333/100 -> 24.163333 | AB25: =B25*109.366666666667/100 -> 109.36667
A26: Cereais, mistura para vitamina, trigo, cevada e aveia | B26: 100 | C26: =B26*381.133333333333/100 -> 381.13333 | D26: =B26*8.89583333333333/100 -> 8.8958333 | E26: =B26*2.12/100 -> 2.12 | F26: =B26*0.5/100 -> 0.5 | G26: =B26*0.4/100 -> 0.4 | H26: =B26*1/100 -> 1 | I26: =B26*0.93/100 -> 0.93 | J26: =B26*0.06/100 -> 0.06 | K26: NA | L26: =B26*81.6175/100 -> 81.6175 | M26: =B26*4.98333333333333/100 -> 4.9833333 | N26: =B26*584.251333333333/100 -> 584.25133 | O26: =B26*72.268/100 -> 72.268 | P26: =B26*2.284/100 -> 2.284 | Q26: =B26*515.036/100 -> 515.036 | R26: =B26*12.6413333333333/100 -> 12.641333 | S26: =B26*1163.257/100 -> 1163.257 | T26: =B26*244.361/100 -> 244.361 | U26: =B26*0.206333333333333/100 -> 0.20633333 | V26: =B26*2.02233333333333/100 -> 2.0223333 | W26: Tr | X26: =B26*0.76/100 -> 0.76 | Y26: =B26*0.876666666666667/100 -> 0.87666667 | Z26: =B26*1.48666666666667/100 -> 1.4866667 | AA26: =B26*7.45666666666667/100 -> 7.4566667 | AB26: =B26*13.1066666666667/100 -> 13.106667
A27: Cereal matinal, milho | B27: 100 | C27: =B27*365.354163768116/100 -> 365.35416 | D27: =B27*7.15579710144928/100 -> 7.1557971 | E27: =B27*0.956666666666667/100 -> 0.95666667 | F27: =B27*0.356666666666667/100 -> 0.35666667 | G27: =B27*0.319666666666667/100 -> 0.31966667 | H27: =B27*0.328666666666667/100 -> 0.32866667 | I27: =B27*0.313333333333333/100 -> 0.31333333 | J27: Tr | K27: NA | L27: =B27*83.8242028985507/100 -> 83.824203 | M27: =B27*4.11666666666667/100 -> 4.1166667 | N27: =B27*142.923333333333/100 -> 142.92333 | O27: =B27*10.9333333333333/100 -> 10.933333 | P27: =B27*0.059/100 -> 0.059 | Q27: =B27*100.8/100 -> 100.8 | R27: =B27*3.05/100 -> 3.05 | S27: =B27*654.543333333333/100 -> 654.54333 | T27: =B27*83.0866666666667/100 -> 83.086667 | U27: =B27*0.06/100 -> 0.06 | V27: =B27*7.63/100 -> 7.63 | W27: NA | X27: =B27*0.76/100 -> 0.76 | Y27: =B27*1.02/100 -> 1.02 | Z27: =B27*2.24666666666667/100 -> 2.2466667 | AA27: =B27*11.04/100 -> 11.04 | AB27: =B27*17.2933333333333/100 -> 17.293333
A28: Cereal matinal, milho, açúcar | B28: 100 | C28: =B28*376.555253623188/100 -> 376.55525 | D28: =B28*4.74275362318841/100 -> 4.7427536 | E28: =B28*0.666666666666667/100 -> 0.66666667 | F28: =B28*0.23/100 -> 0.23 | G28: =B28*0.286333333333333/100 -> 0.28633333 | H28: =B28*0.329/100 -> 0.329 | I28: =B28*0.329/100 -> 0.329 | J28: Tr | K28: NA | L28: =B28*88.8405797101449/100 -> 88.84058 | M28: =B28*2.10666666666667/100 -> 2.1066667 | N28: =B28*56.4233333333333/100 -> 56.423333 | O28: =B28*7.94/100 -> 7.94 | P28: =B28*0.134333333333333/100 -> 0.13433333 | Q28: =B28*43.18/100 -> 43.18 | R28: =B28*3.90333333333333/100 -> 3.9033333 | S28: =B28*405.313333333333/100 -> 405.31333 | T28: =B28*51.5966666666667/100 -> 51.596667 | U28: =B28*0.04/100 -> 0.04 | V28: =B28*8.48/100 -> 8.48 | W28: NA | X28: =B28*0.726666666666667/100 -> 0.72666667 | Y28: =B28*1.11/100 -> 1.11 | Z28: =B28*0.786666666666667/100 -> 0.78666667 | AA28: =B28*10.1333333333333/100 -> 10.133333 | AB28: =B28*14.55/100 -> 14.55
A29: Creme de arroz, pó | B29: 100 | C29: =B29*386.001190336398/100 -> 386.00119 | D29: =B29*7.02694977474213/100 -> 7.0269498 | E29: =B29*1.226/100 -> 1.226 | F29: =B29*0.4/100 -> 0.4 | G29: =B29*0.3/100 -> 0.3 | H29: =B29*0.4/100 -> 0.4 | I29: =B29*0.43/100 -> 0.43 | J29: =B29*0.01/100 -> 0.01 | K29: NA | L29: =B29*83.8693835585912/100 -> 83.869384 | M29: =B29*1.07133333333333/100 -> 1.0713333 | N29: =B29*7.08533333333333/100 -> 7.0853333 | O29: =B29*50.5033333333333/100 -> 50.503333 | P29: =B29*1.23733333333333/100 -> 1.2373333 | Q29: =B29*153.02/100 -> 153.02 | R29: =B29*0.632333333333333/100 -> 0.63233333 | S29: =B29*1.03033333333333/100 -> 1.0303333 | T29: =B29*114.680333333333/100 -> 114.68033 | U29: =B29*0.038/100 -> 0.038 | V29: =B29*1.86366666666667/100 -> 1.8636667 | W29: NA | X29: =B29*0.216666666666667/100 -> 0.21666667 | Y29: Tr | Z29: =B29*0.0533333333333333/100 -> 0.053333333 | AA29: Tr | AB29: Tr
A30: Creme de milho, pó | B30: 100 | C30: =B30*333.034192670544/100 -> 333.03419 | D30: =B30*4.82083333333333/100 -> 4.8208333 | E30: =B30*1.63933333333333/100 -> 1.6393333 | F30: =B30*0.3/100 -> 0.3 | G30: =B30*0.5/100 -> 0.5 | H30: =B30*0.8/100 -> 0.8 | I30: =B30*0.75/100 -> 0.75 | J30: =B30*0.02/100 -> 0.02 | K30: NA | L30: =B30*86.1485/100 -> 86.1485 | M30: =B30*3.72233333333333/100 -> 3.7223333 | N30: =B30*323.163333333333/100 -> 323.16333 | O30: =B30*30.0623333333333/100 -> 30.062333 | P30: =B30*0.2/100 -> 0.2 | Q30: =B30*303.266666666667/100 -> 303.26667 | R30: =B30*4.257/100 -> 4.257 | S30: =B30*593.793666666667/100 -> 593.79367 | T30: =B30*165.723666666667/100 -> 165.72367 | U30: =B30*0.0426666666666667/100 -> 0.042666667 | V30: =B30*0.780666666666667/100 -> 0.78066667 | W30: NA | X30: =B30*0.74/100 -> 0.74 | Y30: Tr | Z30: =B30*2.05333333333333/100 -> 2.0533333 | AA30: Tr | AB30: =B30*96.34/100 -> 96.34
A31: Curau, milho verde | B31: 100 | C31: =B31*78.4338183136558/100 -> 78.433818 | D31: =B31*2.36060004234314/100 -> 2.3606 | E31: =B31*1.637/100 -> 1.637 | F31: =B31*0.817333333333333/100 -> 0.81733333 | G31: =B31*0.468/100 -> 0.468 | H31: =B31*0.174666666666667/100 -> 0.17466667 | I31: =B31*0.174666666666667/100 -> 0.17466667 | J31: Tr | K31: =B31*4.742/100 -> 4.742 | L31: =B31*13.9443999576569/100 -> 13.9444 | M31: =B31*0.456666666666667/100 -> 0.45666667 | N31: =B31*52.596/100 -> 52.596 | O31: =B31*15.9613333333333/100 -> 15.961333 | P31: =B31*0.0556666666666667/100 -> 0.055666667 | Q31: =B31*74.6563333333333/100 -> 74.656333 | R31: =B31*0.449333333333333/100 -> 0.44933333 | S31: =B31*20.512/100 -> 20.512 | T31: =B31*161.842333333333/100 -> 161.84233 | U31: =B31*0.0253333333333333/100 -> 0.025333333 | V31: =B31*0.4/100 -> 0.4 | W31: =B31*12.07/100 -> 12.07 | X31: =B31*0.0366666666666667/100 -> 0.036666667 | Y31: =B31*0.07/100 -> 0.07 | Z31: Tr | AA31: Tr | AB31: Tr
A32: Curau, milho verde, mistura para | B32: 100 | C32: =B32*402.286577435315/100 -> 402.28658 | D32: =B32*2.22291666666667/100 -> 2.2229167 | E32: =B32*13.3713333333333/100 -> 13.371333 | F32: =B32*3/100 -> 3 | G32: =B32*4.9/100 -> 4.9 | H32: =B32*1.4/100 -> 1.4 | I32: =B32*1.38/100 -> 1.38 | J32: =B32*0.03/100 -> 0.03 | K32: NA | L32: =B32*79.8164166666667/100 -> 79.816417 | M32: =B32*2.52266666666667/100 -> 2.5226667 | N32: =B32*30.878/100 -> 30.878 | O32: =B32*8.50066666666667/100 -> 8.5006667 | P32: =B32*0.0546666666666667/100 -> 0.054666667 | Q32: =B32*44.619/100 -> 44.619 | R32: =B32*0.862666666666667/100 -> 0.86266667 | S32: =B32*222.925666666667/100 -> 222.92567 | T32: =B32*55.3353333333333/100 -> 55.335333 | U32: =B32*0.0293333333333333/100 -> 0.029333333 | V32: =B32*0.240666666666667/100 -> 0.24066667 | W32: NA | X32: =B32*0.133333333333333/100 -> 0.13333333 | Y32: Tr | Z32: Tr | AA32: Tr | AB32: Tr
A33: Farinha, de arroz, enriquecida | B33: 100 | C33: =B33*363.056480181223/100 -> 363.05648 | D33: =B33*1.26933329264323/100 -> 1.2693333 | E33: =B33*0.3/100 -> 0.3 | F33: =B33*0.2/100 -> 0.2 | G33: =B33*0.1/100 -> 0.1 | H33: =B33*0.2/100 -> 0.2 | I33: =B33*0.17/100 -> 0.17 | J33: =B33*0.01/100 -> 0.01 | K33: NA | L33: =B33*85.5040000406901/100 -> 85.504 | M33: =B33*0.58/100 -> 0.58 | N33: =B33*1.12266666666667/100 -> 1.1226667 | O33: =B33*4.3/100 -> 4.3 | P33: =B33*0.0423333333333333/100 -> 0.042333333 | Q33: =B33*35.9586666666667/100 -> 35.958667 | R33: =B33*31.3833333333333/100 -> 31.383333 | S33: =B33*17.1016666666667/100 -> 17.101667 | T33: =B33*12.5406666666667/100 -> 12.540667 | U33: Tr | V33: =B33*8.48/100 -> 8.48 | W33: NA | X33: =B33*3.23333333333333/100 -> 3.2333333 | Y33: Tr | Z33: =B33*3.46666666666667/100 -> 3.4666667 | AA33: =B33*24.4233333333333/100 -> 24.423333 | AB33: =B33*173.586666666667/100 -> 173.58667
A34: Farinha, de centeio, integral | B34: 100 | C34: =B34*335.777662799327/100 -> 335.77766 | D34: =B34*12.515066502889/100 -> 12.515067 | E34: =B34*1.75333333333333/100 -> 1.7533333 | F34: =B34*0.3/100 -> 0.3 | G34: =B34*0.3/100 -> 0.3 | H34: =B34*0.8/100 -> 0.8 | I34: =B34*0.73/100 -> 0.73 | K34: NA | L34: =B34*73.2982668304443/100 -> 73.298267 | M34: =B34*15.48/100 -> 15.48 | N34: =B34*33.9166666666667/100 -> 33.916667 | O34: =B34*120.233333333333/100 -> 120.23333 | P34: =B34*3.85666666666667/100 -> 3.8566667 | Q34: =B34*339.986666666667/100 -> 339.98667 | R34: =B34*4.73/100 -> 4.73 | S34: =B34*41.3766666666667/100 -> 41.376667 | T34: =B34*333.62/100 -> 333.62 | U34: =B34*0.563333333333333/100 -> 0.56333333 | V34: =B34*2.66333333333333/100 -> 2.6633333 | W34: NA | X34: =B34*0.286666666666667/100 -> 0.28666667 | Y34: =B34*0.03/100 -> 0.03 | Z34: =B34*0.08/100 -> 0.08 | AA34: Tr | AB34: Tr
A35: Farinha, de milho, amarela | B35: 100 | C35: =B35*350.58693322738/100 -> 350.58693 | D35: =B35*7.1875/100 -> 7.1875 | E35: =B35*1.46666666666667/100 -> 1.4666667 | F35: =B35*0.4/100 -> 0.4 | G35: =B35*0.4/100 -> 0.4 | H35: =B35*0.6/100 -> 0.6 | I35: =B35*0.63/100 -> 0.63 | J35: =B35*0.02/100 -> 0.02 | K35: NA | L35: =B35*79.0791666666667/100 -> 79.079167 | M35: =B35*5.49/100 -> 5.49 | N35: =B35*1.285/100 -> 1.285 | O35: =B35*30.955/100 -> 30.955 | P35: Tr | Q35: =B35*84.2213333333333/100 -> 84.221333 | R35: =B35*2.25266666666667/100 -> 2.2526667 | S35: =B35*44.9323333333333/100 -> 44.932333 | T35: =B35*57.8536666666667/100 -> 57.853667 | U35: =B35*0.266666666666667/100 -> 0.26666667 | V35: =B35*0.598333333333333/100 -> 0.59833333 | W35: NA | X35: =B35*0.253333333333333/100 -> 0.25333333 | Y35: Tr | Z35: =B35*0.253333333333333/100 -> 0.25333333 | AA35: Tr | AB35: Tr
A36: Farinha, de rosca | B36: 100 | C36: =B36*370.578096666667/100 -> 370.5781 | D36: =B36*11.3809996191661/100 -> 11.381 | E36: =B36*1.46333333333333/100 -> 1.4633333 | F36: =B36*0.6/100 -> 0.6 | G36: =B36*0.4/100 -> 0.4 | H36: =B36*0.8/100 -> 0.8 | I36: =B36*0.74/100 -> 0.74 | J36: =B36*0.05/100 -> 0.05 | K36: NA | L36: =B36*75.7856666666667/100 -> 75.785667 | M36: =B36*4.82333333333333/100 -> 4.8233333 | N36: =B36*35.2993333333333/100 -> 35.299333 | O36: =B36*56.8796666666667/100 -> 56.879667 | P36: =B36*1.62066666666667/100 -> 1.6206667 | Q36: =B36*194.958333333333/100 -> 194.95833 | R36: =B36*6.73366666666667/100 -> 6.7336667 | S36: =B36*332.5/100 -> 332.5 | T36: =B36*212.144/100 -> 212.144 | U36: =B36*0.263/100 -> 0.263 | V36: =B36*1.67133333333333/100 -> 1.6713333 | W36: NA | X36: =B36*0.253333333333333/100 -> 0.25333333 | Y36: Tr | Z36: =B36*0.09/100 -> 0.09 | AA36: Tr | AB36: Tr
A37: Farinha, de trigo | B37: 100 | C37: =B37*360.472978550725/100 -> 360.47298 | D37: =B37*9.79078260869565/100 -> 9.7907826 | E37: =B37*1.36666666666667/100 -> 1.3666667 | F37: =B37*0.31/100 -> 0.31 | G37: =B37*0.155/100 -> 0.155 | H37: =B37*0.445/100 -> 0.445 | I37: =B37*0.431/100 -> 0.431 | J37: =B37*0.01/100 -> 0.01 | K37: NA | L37: =B37*75.0925507246377/100 -> 75.092551 | M37: =B37*2.34666666666667/100 -> 2.3466667 | N37: =B37*17.8633333333333/100 -> 17.863333 | O37: =B37*31.0033333333333/100 -> 31.003333 | P37: =B37*0.460333333333333/100 -> 0.46033333 | Q37: =B37*114.74/100 -> 114.74 | R37: =B37*0.95/100 -> 0.95 | S37: =B37*0.736666666666667/100 -> 0.73666667 | T37: =B37*151.366666666667/100 -> 151.36667 | U37: =B37*0.15/100 -> 0.15 | V37: =B37*0.826666666666667/100 -> 0.82666667 | W37: NA | X37: =B37*0.313333333333333/100 -> 0.31333333 | Y37: Tr | Z37: Tr | AA37: =B37*0.89/100 -> 0.89 | AB37: Tr
A38: Farinha, láctea, de cereais | B38: 100 | C38: =B38*414.850517391304/100 -> 414.85052 | D38: =B38*11.8791304347826/100 -> 11.87913 | E38: =B38*5.79/100 -> 5.79 | F38: =B38*3.3/100 -> 3.3 | G38: =B38*1.4/100 -> 1.4 | H38: =B38*0.6/100 -> 0.6 | I38: =B38*0.59/100 -> 0.59 | J38: =B38*0.03/100 -> 0.03 | K38: =B38*11.2718/100 -> 11.2718 | L38: =B38*77.7708695652174/100 -> 77.77087 | M38: =B38*1.94/100 -> 1.94 | N38: =B38*196.063333333333/100 -> 196.06333 | O38: =B38*57.6866666666667/100 -> 57.686667 | P38: =B38*1.489/100 -> 1.489 | Q38: =B38*296.443333333333/100 -> 296.44333 | R38: =B38*8.72333333333333/100 -> 8.7233333 | S38: =B38*125.073333333333/100 -> 125.07333 | T38: =B38*365.603333333333/100 -> 365.60333 | U38: =B38*0.193333333333333/100 -> 0.19333333 | V38: =B38*1.72666666666667/100 -> 1.7266667 | W38: =B38*492.246666666667/100 -> 492.24667 | X38: =B38*1.43/100 -> 1.43 | Y38: =B38*1.13333333333333/100 -> 1.1333333 | Z38: =B38*1.13666666666667/100 -> 1.1366667 | AA38: =B38*9.5/100 -> 9.5 | AB38: =B38*24.31/100 -> 24.31
A39: Lasanha, massa fresca, cozida | B39: 100 | C39: =B39*163.763666666667/100 -> 163.76367 | D39: =B39*5.8125/100 -> 5.8125 | E39: =B39*1.15833333333333/100 -> 1.1583333 | F39: =B39*0.6/100 -> 0.6 | G39: =B39*0.4/100 -> 0.4 | H39: =B39*0.1/100 -> 0.1 | I39: =B39*0.1/100 -> 0.1 | K39: NA | L39: =B39*32.5221666666667/100 -> 32.522167 | M39: =B39*1.63633333333333/100 -> 1.6363333 | N39: =B39*9.97166666666667/100 -> 9.9716667 | O39: =B39*3.539/100 -> 3.539 | P39: =B39*0.195/100 -> 0.195 | Q39: =B39*42.384/100 -> 42.384 | R39: =B39*1.18866666666667/100 -> 1.1886667 | S39: =B39*206.769333333333/100 -> 206.76933 | T39: =B39*53.9146666666667/100 -> 53.914667 | U39: =B39*0.0706666666666667/100 -> 0.070666667 | V39: =B39*0.405/100 -> 0.405 | W39: NA | X39: =B39*0.04/100 -> 0.04 | Y39: Tr | Z39: Tr | AA39: =B39*3.96/100 -> 3.96
A40: Lasanha, massa fresca, crua | B40: 100 | C40: =B40*220.305666666667/100 -> 220.30567 | D40: =B40*7.00833333333333/100 -> 7.0083333 | E40: =B40*1.33766666666667/100 -> 1.3376667 | F40: =B40*0.5/100 -> 0.5 | G40: =B40*0.4/100 -> 0.4 | H40: =B40*0.4/100 -> 0.4 | I40: =B40*0.38/100 -> 0.38 | J40: =B40*0.01/100 -> 0.01 | K40: NA | L40: =B40*45.0583333333333/100 -> 45.058333 | M40: =B40*1.60633333333333/100 -> 1.6063333 | N40: =B40*16.5456666666667/100 -> 16.545667 | O40: =B40*12.5916666666667/100 -> 12.591667 | P40: =B40*0.344666666666667/100 -> 0.34466667 | Q40: =B40*81.9613333333333/100 -> 81.961333 | R40: =B40*1.87233333333333/100 -> 1.8723333 | S40: =B40*666.710333333333/100 -> 666.71033 | T40: =B40*136.607/100 -> 136.607 | U40: =B40*0.0976666666666667/100 -> 0.097666667 | V40: =B40*0.755666666666667/100 -> 0.75566667 | W40: NA | X40: =B40*0.08/100 -> 0.08 | Y40: Tr | Z40: Tr | AA40: Tr
A41: Macarrão, instantâneo | B41: 100 | C41: =B41*435.864780533333/100 -> 435.86478 | D41: =B41*8.79168/100 -> 8.79168 | E41: =B41*17.2366666666667/100 -> 17.236667 | K41: NA | L41: =B41*62.4316533333333/100 -> 62.431653 | M41: =B41*5.61/100 -> 5.61 | N41: =B41*17.6266666666667/100 -> 17.626667 | O41: =B41*19.3666666666667/100 -> 19.366667 | P41: =B41*0.253/100 -> 0.253 | Q41: =B41*112.15/100 -> 112.15 | R41: =B41*0.8/100 -> 0.8 | S41: =B41*1515.52666666667/100 -> 1515.5267 | T41: =B41*147.92/100 -> 147.92 | U41: =B41*0.103333333333333/100 -> 0.10333333 | V41: =B41*0.503333333333333/100 -> 0.50333333 | W41: NA | X41: =B41*1.18/100 -> 1.18 | Y41: =B41*0.04/100 -> 0.04 | Z41: =B41*0.533333333333333/100 -> 0.53333333 | AA41: =B41*9.36666666666667/100 -> 9.3666667 | AB41: Tr
A42: Macarrão, trigo, cru | B42: 100 | C42: =B42*371.122613043478/100 -> 371.12261 | D42: =B42*9.99565217391304/100 -> 9.9956522 | E42: =B42*1.30333333333333/100 -> 1.3033333 | K42: NA | L42: =B42*77.944347826087/100 -> 77.944348 | M42: =B42*2.92666666666667/100 -> 2.9266667 | N42: =B42*17.3/100 -> 17.3 | O42: =B42*27.69/100 -> 27.69 | P42: =B42*0.528333333333333/100 -> 0.52833333 | Q42: =B42*99.81/100 -> 99.81 | R42: =B42*0.88/100 -> 0.88 | S42: =B42*7.17/100 -> 7.17 | T42: =B42*147.06/100 -> 147.06 | U42: =B42*0.15/100 -> 0.15 | V42: =B42*0.776666666666667/100 -> 0.77666667 | W42: NA | X42: =B42*0.176666666666667/100 -> 0.17666667 | Y42: =B42*0.02/100 -> 0.02 | Z42: Tr | AA42: =B42*3.56666666666667/100 -> 3.5666667 | AB42: Tr
A43: Macarrão, trigo, cru, com ovos | B43: 100 | C43: =B43*370.567113333333/100 -> 370.56711 | D43: =B43*10.3208/100 -> 10.3208 | E43: =B43*1.97/100 -> 1.97 | F43: =B43*0.535333333333333/100 -> 0.53533333 | G43: =B43*0.377666666666667/100 -> 0.37766667 | H43: =B43*0.756666666666667/100 -> 0.75666667 | I43: =B43*0.730333333333333/100 -> 0.73033333 | J43: =B43*0.0263333333333333/100 -> 0.026333333 | K43: =B43*17.568/100 -> 17.568 | L43: =B43*76.6225333333334/100 -> 76.622533 | M43: =B43*2.29666666666667/100 -> 2.2966667 | N43: =B43*19.4533333333333/100 -> 19.453333 | O43: Tr | P43: =B43*0.397/100 -> 0.397 | Q43: =B43*118.476666666667/100 -> 118.47667 | R43: =B43*0.916666666666667/100 -> 0.91666667 | S43: =B43*14.74/100 -> 14.74 | T43: =B43*134.096666666667/100 -> 134.09667 | U43: =B43*0.136666666666667/100 -> 0.13666667 | V43: =B43*0.813333333333333/100 -> 0.81333333 | W43: Tr | X43: =B43*0.106666666666667/100 -> 0.10666667 | Y43: =B43*0.05/100 -> 0.05 | Z43: =B43*0.03/100 -> 0.03 | AA43: =B43*4.37/100 -> 4.37 | AB43: Tr
A44: Milho, amido, cru | B44: 100 | C44: =B44*361.366823878261/100 -> 361.36682 | D44: =B44*0.597826086956522/100 -> 0.59782609 | E44: Tr | K44: NA | L44: =B44*87.1488439130435/100 -> 87.148844 | M44: =B44*0.7433333/100 -> 0.7433333 | N44: =B44*1.05766666666667/100 -> 1.0576667 | O44: =B44*3.02766666666667/100 -> 3.0276667 | P44: =B44*0.0183333333333333/100 -> 0.018333333 | Q44: =B44*12.603/100 -> 12.603 | R44: =B44*0.127666666666667/100 -> 0.12766667 | S44: =B44*8.083/100 -> 8.083 | T44: =B44*8.535/100 -> 8.535 | U44: =B44*0.0153333333333333/100 -> 0.015333333 | V44: =B44*0.0796666666666667/100 -> 0.079666667 | W44: NA | X44: Tr | Y44: Tr | Z44: Tr | AA44: Tr | AB44: Tr
A45: Milho, fubá, cru | B45: 100 | C45: =B45*353.482268115942/100 -> 353.48227 | D45: =B45*7.21376811594203/100 -> 7.2137681 | E45: =B45*1.90333333333333/100 -> 1.9033333 | F45: =B45*0.430333333333333/100 -> 0.43033333 | G45: =B45*0.892/100 -> 0.892 | H45: =B45*1.317/100 -> 1.317 | I45: =B45*1.28933333333333/100 -> 1.2893333 | J45: =B45*0.03/100 -> 0.03 | K45: NA | L45: =B45*78.8728985507246/100 -> 78.872899 | M45: =B45*4.71333333333333/100 -> 4.7133333 | N45: =B45*2.66666666666667/100 -> 2.6666667 | O45: =B45*41.23/100 -> 41.23 | P45: =B45*0.338666666666667/100 -> 0.33866667 | Q45: =B45*107.836666666667/100 -> 107.83667 | R45: =B45*0.85/100 -> 0.85 | S45: Tr | T45: =B45*168.333333333333/100 -> 168.33333 | U45: =B45*0.08/100 -> 0.08 | V45: =B45*1.09333333333333/100 -> 1.0933333 | W45: NA | X45: =B45*0.253333333333333/100 -> 0.25333333 | Y45: Tr | Z45: Tr | AA45: =B45*0.746666666666667/100 -> 0.74666667 | AB45: Tr
A46: Milho, verde, cru | B46: 100 | C46: =B46*138.166565/100 -> 138.16656 | D46: =B46*6.58958333333333/100 -> 6.5895833 | E46: =B46*0.609/100 -> 0.609 | F46: =B46*0.2/100 -> 0.2 | G46: =B46*0.2/100 -> 0.2 | H46: =B46*0.6/100 -> 0.6 | I46: =B46*0.53/100 -> 0.53 | J46: =B46*0.02/100 -> 0.02 | K46: NA | L46: =B46*28.55575/100 -> 28.55575 | M46: =B46*3.918/100 -> 3.918 | N46: =B46*1.61233333333333/100 -> 1.6123333 | O46: =B46*32.575/100 -> 32.575 | P46: =B46*0.118/100 -> 0.118 | Q46: =B46*112.705/100 -> 112.705 | R46: =B46*0.411/100 -> 0.411 | S46: =B46*1.11566666666667/100 -> 1.1156667 | T46: =B46*184.822333333333/100 -> 184.82233 | U46: =B46*0.0503333333333333/100 -> 0.050333333 | V46: =B46*0.517666666666667/100 -> 0.51766667 | W46: NA | X46: =B46*0.3/100 -> 0.3 | Y46: Tr | Z46: =B46*0.04/100 -> 0.04 | AA46: Tr | AB46: Tr
A47: Milho, verde, enlatado, drenado | B47: 100 | C47: =B47*97.5648942028985/100 -> 97.564894 | D47: =B47*3.22826086956522/100 -> 3.2282609 | E47: =B47*2.35333333333333/100 -> 2.3533333 | F47: =B47*0.6/100 -> 0.6 | G47: =B47*0.8/100 -> 0.8 | H47: =B47*0.9/100 -> 0.9 | I47: =B47*0.88/100 -> 0.88 | J47: =B47*0.03/100 -> 0.03 | K47: NA | L47: =B47*17.1350724637681/100 -> 17.135072 | M47: =B47*4.64333333333333/100 -> 4.6433333 | N47: =B47*2.16733333333333/100 -> 2.1673333 | O47: =B47*20.3763333333333/100 -> 20.376333 | P47: =B47*0.093/100 -> 0.093 | Q47: =B47*61.3073333333333/100 -> 61.307333 | R47: =B47*0.585666666666667/100 -> 0.58566667 | S47: =B47*260.3499/100 -> 260.3499 | T47: =B47*162.023333333333/100 -> 162.02333 | U47: =B47*0.0456666666666667/100 -> 0.045666667 | V47: =B47*0.498333333333333/100 -> 0.49833333 | W47: NA | X47: Tr | Y47: =B47*0.05/100 -> 0.05 | Z47: Tr | AA47: =B47*3.73666666666667/100 -> 3.7366667 | AB47: =B47*1.74333333333333/100 -> 1.7433333
A48: Mingau tradicional, pó | B48: 100 | C48: =B48*373.421466666667/100 -> 373.42147 | D48: =B48*0.583333333333333/100 -> 0.58333333 | E48: =B48*0.37/100 -> 0.37 | F48: =B48*0.1/100 -> 0.1 | G48: Tr | H48: =B48*0.1/100 -> 0.1 | I48: =B48*0.13/100 -> 0.13 | J48: =B48*0.01/100 -> 0.01 | K48: NA | L48: =B48*89.3366666666667/100 -> 89.336667 | M48: =B48*0.88/100 -> 0.88 | N48: =B48*522.046666666667/100 -> 522.04667 | O48: =B48*4.28066666666667/100 -> 4.2806667 | P48: Tr | Q48: =B48*273.319/100 -> 273.319 | R48: =B48*41.9913333333333/100 -> 41.991333 | S48: =B48*14.8553333333333/100 -> 14.855333 | T48: Tr | U48: Tr | V48: =B48*15.2093333333333/100 -> 15.209333 | W48: =B48*1533.24333333333/100 -> 1533.2433 | X48: =B48*3.40666666666667/100 -> 3.4066667 | Y48: Tr | Z48: =B48*3.11/100 -> 3.11 | AA48: =B48*19.3933333333333/100 -> 19.393333 | AB48: Tr
A49: Pamonha, barra para cozimento, pré-cozida | B49: 100 | C49: =B49*171.219111666667/100 -> 171.21911 | D49: =B49*2.55208333333333/100 -> 2.5520833 | E49: =B49*4.84966666666667/100 -> 4.8496667 | F49: =B49*0.5/100 -> 0.5 | G49: =B49*0.7/100 -> 0.7 | H49: =B49*1.4/100 -> 1.4 | I49: =B49*1.32/100 -> 1.32 | J49: =B49*0.09/100 -> 0.09 | K49: NA | L49: =B49*30.6849166666667/100 -> 30.684917 | M49: =B49*2.371/100 -> 2.371 | N49: =B49*4.16433333333333/100 -> 4.1643333 | O49: =B49*15.347/100 -> 15.347 | P49: =B49*0.124666666666667/100 -> 0.12466667 | Q49: =B49*54.585/100 -> 54.585 | R49: =B49*0.356666666666667/100 -> 0.35666667 | S49: =B49*131.993/100 -> 131.993 | T49: =B49*125.349333333333/100 -> 125.34933 | U49: =B49*0.034/100 -> 0.034 | V49: =B49*0.423666666666667/100 -> 0.42366667 | W49: NA | X49: Tr | Y49: Tr | Z49: Tr | AA49: Tr | AB49: Tr
A50: Pão, aveia, forma | B50: 100 | C50: =B50*343.085366666667/100 -> 343.08537 | D50: =B50*12.35/100 -> 12.35 | E50: =B50*5.69333333333333/100 -> 5.6933333 | F50: =B50*1.1/100 -> 1.1 | G50: =B50*1/100 -> 1 | H50: =B50*1.6/100 -> 1.6 | I50: =B50*1.06/100 -> 1.06 | J50: =B50*0.59/100 -> 0.59 | K50: Tr | L50: =B50*59.5666666666667/100 -> 59.566667 | M50: =B50*5.98/100 -> 5.98 | N50: =B50*108.691/100 -> 108.691 | O50: =B50*56.6803333333333/100 -> 56.680333 | P50: =B50*1.082/100 -> 1.082 | Q50: =B50*182.197666666667/100 -> 182.19767 | R50: =B50*4.732/100 -> 4.732 | S50: =B50*605.763/100 -> 605.763 | T50: =B50*210.083333333333/100 -> 210.08333 | U50: =B50*0.135666666666667/100 -> 0.13566667 | V50: =B50*1.73066666666667/100 -> 1.7306667 | W50: Tr | X50: =B50*0.0866666666666667/100 -> 0.086666667 | Y50: =B50*0.03/100 -> 0.03 | Z50: =B50*0.0833333333333333/100 -> 0.083333333 | AA50: Tr | AB50: Tr
A51: Pão, de soja | B51: 100 | C51: =B51*308.726323333333/100 -> 308.72632 | D51: =B51*11.343/100 -> 11.343 | E51: =B51*3.58/100 -> 3.58 | F51: =B51*0.7/100 -> 0.7 | G51: =B51*0.6/100 -> 0.6 | H51: =B51*1.6/100 -> 1.6 | I51: =B51*1.41/100 -> 1.41 | J51: =B51*0.14/100 -> 0.14 | K51: NA | L51: =B51*56.5103333333333/100 -> 56.510333 | M51: =B51*5.70666666666667/100 -> 5.7066667 | N51: =B51*90.2373333333333/100 -> 90.237333 | O51: =B51*48.3183333333333/100 -> 48.318333 | P51: =B51*0.569333333333333/100 -> 0.56933333 | Q51: =B51*153.18/100 -> 153.18 | R51: =B51*3.33033333333333/100 -> 3.3303333 | S51: =B51*662.541333333333/100 -> 662.54133 | T51: =B51*296.348/100 -> 296.348 | U51: =B51*0.162666666666667/100 -> 0.16266667 | V51: =B51*1.45866666666667/100 -> 1.4586667 | W51: NA | X51: =B51*0.07/100 -> 0.07 | Y51: =B51*0.04/100 -> 0.04 | Z51: =B51*0.793333333333333/100 -> 0.79333333 | AA51: Tr | AB51: Tr
A52: Pão, glúten, forma | B52: 100 | C52: =B52*252.99403/100 -> 252.99403 | D52: =B52*11.9509996000926/100 -> 11.951 | E52: =B52*2.72666666666667/100 -> 2.7266667 | F52: =B52*0.5/100 -> 0.5 | G52: =B52*0.6/100 -> 0.6 | H52: =B52*0.7/100 -> 0.7 | I52: =B52*0.69/100 -> 0.69 | J52: =B52*0.04/100 -> 0.04 | K52: NA | L52: =B52*44.119/100 -> 44.119 | M52: =B52*2.48/100 -> 2.48 | N52: =B52*155.721/100 -> 155.721 | O52: =B52*24.2436666666667/100 -> 24.243667 | P52: =B52*0.51/100 -> 0.51 | Q52: =B52*105.260666666667/100 -> 105.26067 | R52: =B52*5.71033333333333/100 -> 5.7103333 | S52: =B52*22.0453333333333/100 -> 22.045333 | T52: =B52*64.7323333333333/100 -> 64.732333 | U52: =B52*0.062/100 -> 0.062 | V52: =B52*1.28433333333333/100 -> 1.2843333 | W52: NA | X52: =B52*0.0433333333333333/100 -> 0.043333333 | Y52: =B52*0.03/100 -> 0.03 | Z52: Tr | AA52: Tr | AB52: Tr
A53: Pão, milho, forma | B53: 100 | C53: =B53*292.01349/100 -> 292.01349 | D53: =B53*8.303/100 -> 8.303 | E53: =B53*3.11/100 -> 3.11 | F53: =B53*0.6/100 -> 0.6 | G53: =B53*0.6/100 -> 0.6 | H53: =B53*1/100 -> 1 | I53: =B53*0.98/100 -> 0.98 | J53: =B53*0.03/100 -> 0.03 | K53: =B53*5.685/100 -> 5.685 | L53: =B53*56.397/100 -> 56.397 | M53: =B53*4.29666666666667/100 -> 4.2966667 | N53: =B53*77.8486666666667/100 -> 77.848667 | O53: =B53*29.4156666666667/100 -> 29.415667 | P53: =B53*0.366/100 -> 0.366 | Q53: =B53*110.098/100 -> 110.098 | R53: =B53*3.04433333333333/100 -> 3.0443333 | S53: =B53*506.644/100 -> 506.644 | T53: =B53*89.0246666666667/100 -> 89.024667 | U53: =B53*0.0996666666666667/100 -> 0.099666667 | V53: =B53*0.817666666666667/100 -> 0.81766667 | W53: Tr | X53: =B53*0.08/100 -> 0.08 | Y53: Tr | Z53: =B53*0.0833333333333333/100 -> 0.083333333 | AA53: Tr | AB53: Tr
A54: Pão, trigo, forma, integral | B54: 100 | C54: =B54*253.193618333333/100 -> 253.19362 | D54: =B54*9.42516666666667/100 -> 9.4251667 | E54: =B54*3.65333333333333/100 -> 3.6533333 | F54: =B54*0.7/100 -> 0.7 | G54: =B54*0.8/100 -> 0.8 | H54: =B54*1.1/100 -> 1.1 | I54: =B54*0.98/100 -> 0.98 | J54: =B54*0.08/100 -> 0.08 | K54: NA | L54: =B54*49.9415/100 -> 49.9415 | M54: =B54*6.88333333333333/100 -> 6.8833333 | N54: =B54*131.759666666667/100 -> 131.75967 | O54: =B54*60.4283333333333/100 -> 60.428333 | P54: =B54*1.61633333333333/100 -> 1.6163333 | Q54: =B54*193.439/100 -> 193.439 | R54: =B54*2.98533333333333/100 -> 2.9853333 | S54: =B54*506.103333333333/100 -> 506.10333 | T54: =B54*162.871/100 -> 162.871 | U54: =B54*0.146/100 -> 0.146 | V54: =B54*1.58566666666667/100 -> 1.5856667 | W54: NA | X54: =B54*0.0766666666666667/100 -> 0.076666667 | Y54: =B54*0.04/100 -> 0.04 | Z54: =B54*0.146666666666667/100 -> 0.14666667 | AA54: Tr | AB54: Tr
A55: Pão, trigo, francês | B55: 100 | C55: =B55*299.810150434783/100 -> 299.81015 | D55: =B55*7.9535652173913/100 -> 7.9535652 | E55: =B55*3.10333333333333/100 -> 3.1033333 | F55: =B55*1/100 -> 1 | G55: =B55*0.9/100 -> 0.9 | H55: =B55*0.7/100 -> 0.7 | I55: =B55*0.7/100 -> 0.7 | J55: =B55*0.04/100 -> 0.04 | K55: NA | L55: =B55*58.6464347826087/100 -> 58.646435 | M55: =B55*2.30666666666667/100 -> 2.3066667 | N55: =B55*15.7533333333333/100 -> 15.753333 | O55: =B55*25.4633333333333/100 -> 25.463333 | P55: =B55*0.463333333333333/100 -> 0.46333333 | Q55: =B55*94.74/100 -> 94.74 | R55: =B55*1/100 -> 1 | S55: =B55*647.673333333333/100 -> 647.67333 | T55: =B55*142.2/100 -> 142.2 | U55: =B55*0.13/100 -> 0.13 | V55: =B55*0.763333333333333/100 -> 0.76333333 | W55: =B55*2.98666666666667/100 -> 2.9866667 | X55: =B55*0.386666666666667/100 -> 0.38666667 | Y55: =B55*0.67/100 -> 0.67 | Z55: =B55*0.6/100 -> 0.6 | AA55: =B55*2.33666666666667/100 -> 2.3366667
A56: Pão, trigo, sovado | B56: 100 | C56: =B56*310.96494/100 -> 310.96494 | D56: =B56*8.398/100 -> 8.398 | E56: =B56*2.84/100 -> 2.84 | F56: =B56*0.8/100 -> 0.8 | G56: =B56*0.7/100 -> 0.7 | H56: =B56*0.7/100 -> 0.7 | I56: =B56*0.68/100 -> 0.68 | J56: =B56*0.04/100 -> 0.04 | K56: =B56*16.562/100 -> 16.562 | L56: =B56*61.452/100 -> 61.452 | M56: =B56*2.43333333333333/100 -> 2.4333333 | N56: =B56*51.618/100 -> 51.618 | O56: =B56*22.2203333333333/100 -> 22.220333 | P56: =B56*0.313666666666667/100 -> 0.31366667 | Q56: =B56*100.662666666667/100 -> 100.66267 | R56: =B56*2.26866666666667/100 -> 2.2686667 | S56: =B56*430.792/100 -> 430.792 | T56: =B56*91.166/100 -> 91.166 | U56: Tr | V56: =B56*2.66166666666667/100 -> 2.6616667 | W56: Tr | X56: =B56*0.08/100 -> 0.08 | Y56: =B56*0.0433333333333333/100 -> 0.043333333 | Z56: =B56*0.146666666666667/100 -> 0.14666667 | AA56: Tr | AB56: Tr
A57: Pastel, de carne, cru | B57: 100 | C57: =B57*288.70207151599/100 -> 288.70207 | D57: =B57*10.7406996405919/100 -> 10.7407 | E57: =B57*8.793/100 -> 8.793 | F57: =B57*3.69266666666667/100 -> 3.6926667 | G57: =B57*2.90933333333333/100 -> 2.9093333 | H57: =B57*1.104/100 -> 1.104 | I57: =B57*1.06466666666667/100 -> 1.0646667 | J57: =B57*0.0393333333333333/100 -> 0.039333333 | K57: =B57*18.2006666666667/100 -> 18.200667 | L57: =B57*42.0166336927414/100 -> 42.016634 | M57: =B57*1.04/100 -> 1.04 | N57: =B57*16.6916666666667/100 -> 16.691667 | O57: =B57*17.705/100 -> 17.705 | P57: =B57*0.343333333333333/100 -> 0.34333333 | Q57: =B57*117.376666666667/100 -> 117.37667 | R57: =B57*1.991/100 -> 1.991 | S57: =B57*1309.265/100 -> 1309.265 | T57: =B57*165.610333333333/100 -> 165.61033 | U57: =B57*0.11/100 -> 0.11 | V57: =B57*1.659/100 -> 1.659 | W57: Tr | X57: =B57*0.06/100 -> 0.06 | Y57: =B57*0.03/100 -> 0.03 | Z57: Tr | AA57: =B57*1.58/100 -> 1.58 | AB57: Tr
A58: Pastel, de carne, frito | B58: 100 | C58: =B58*388.374651624968/100 -> 388.37465 | D58: =B58*10.1041996618907/100 -> 10.1042 | E58: =B58*20.1366666666667/100 -> 20.136667 | F58: =B58*4.83166666666667/100 -> 4.8316667 | G58: =B58*5.87766666666667/100 -> 5.8776667 | H58: =B58*7.59666666666667/100 -> 7.5966667 | I58: =B58*6.98766666666667/100 -> 6.9876667 | J58: =B58*0.59/100 -> 0.59 | K58: =B58*25.336/100 -> 25.336 | L58: =B58*43.7678003381093/100 -> 43.7678 | M58: =B58*0.986666666666667/100 -> 0.98666667 | N58: =B58*12.5546666666667/100 -> 12.554667 | O58: =B58*14.4446666666667/100 -> 14.444667 | P58: =B58*0.215666666666667/100 -> 0.21566667 | Q58: =B58*90.032/100 -> 90.032 | R58: =B58*2.50766666666667/100 -> 2.5076667 | S58: =B58*1039.88866666667/100 -> 1039.8887 | T58: =B58*155.643/100 -> 155.643 | U58: =B58*0.116/100 -> 0.116 | V58: =B58*1.15/100 -> 1.15 | W58: Tr | X58: =B58*0.0633333333333333/100 -> 0.063333333 | Y58: =B58*0.05/100 -> 0.05 | Z58: Tr | AA58: =B58*1.83/100 -> 1.83
A59: Pastel, de queijo, cru | B59: 100 | C59: =B59*308.474433887374/100 -> 308.47443 | D59: =B59*9.853399670283/100 -> 9.8533997 | E59: =B59*9.63466666666667/100 -> 9.6346667 | K59: =B59*14.349/100 -> 14.349 | L59: =B59*45.9479336630503/100 -> 45.947934 | M59: =B59*1.10666666666667/100 -> 1.1066667 | N59: =B59*154.698/100 -> 154.698 | O59: =B59*15.8053333333333/100 -> 15.805333 | P59: =B59*0.244666666666667/100 -> 0.24466667 | Q59: =B59*168.123333333333/100 -> 168.12333 | R59: =B59*0.990666666666667/100 -> 0.99066667 | S59: =B59*984.569666666667/100 -> 984.56967 | T59: =B59*102.578333333333/100 -> 102.57833 | U59: =B59*0.0993333333333333/100 -> 0.099333333 | V59: =B59*0.966333333333333/100 -> 0.96633333 | W59: Tr | X59: =B59*0.0733333333333333/100 -> 0.073333333 | Y59: =B59*0.0333333333333333/100 -> 0.033333333 | Z59: Tr | AA59: Tr | AB59: Tr
A60: Pastel, de queijo, frito | B60: 100 | C60: =B60*422.112080039319/100 -> 422.11208 | D60: =B60*8.70959970855713/100 -> 8.7095997 | E60: =B60*22.6703333333333/100 -> 22.670333 | K60: =B60*15/100 -> 15 | L60: =B60*48.1327336247762/100 -> 48.132734 | M60: =B60*0.943333333333333/100 -> 0.94333333 | N60: =B60*126.127666666667/100 -> 126.12767 | O60: =B60*14.7383333333333/100 -> 14.738333 | P60: =B60*0.200666666666667/100 -> 0.20066667 | Q60: =B60*123.809666666667/100 -> 123.80967 | R60: =B60*1.34233333333333/100 -> 1.3423333 | S60: =B60*821.382333333333/100 -> 821.38233 | T60: =B60*123.754666666667/100 -> 123.75467 | U60: =B60*0.0993333333333333/100 -> 0.099333333 | V60: =B60*0.762333333333333/100 -> 0.76233333 | W60: =B60*17.5833333333333/100 -> 17.583333 | X60: =B60*0.09/100 -> 0.09 | Y60: =B60*0.04/100 -> 0.04 | Z60: Tr | AA60: Tr | AB60: Tr
A61: Pastel, massa, crua | B61: 100 | C61: =B61*310.202514333333/100 -> 310.20251 | D61: =B61*6.9027/100 -> 6.9027 | E61: =B61*5.477/100 -> 5.477 | F61: =B61*2.1/100 -> 2.1 | G61: =B61*1.7/100 -> 1.7 | H61: =B61*0.9/100 -> 0.9 | I61: =B61*0.91/100 -> 0.91 | J61: =B61*0.03/100 -> 0.03 | K61: NA | L61: =B61*57.3796333333333/100 -> 57.379633 | M61: =B61*1.41333333333333/100 -> 1.4133333 | N61: =B61*12.614/100 -> 12.614 | O61: =B61*14.4306666666667/100 -> 14.430667 | P61: =B61*0.382666666666667/100 -> 0.38266667 | Q61: =B61*72.551/100 -> 72.551 | R61: =B61*1.05533333333333/100 -> 1.0553333 | S61: =B61*1344.20133333333/100 -> 1344.2013 | T61: =B61*166.681666666667/100 -> 166.68167 | U61: =B61*0.105333333333333/100 -> 0.10533333 | V61: =B61*0.607333333333333/100 -> 0.60733333 | W61: NA | X61: =B61*0.146666666666667/100 -> 0.14666667 | Y61: Tr | Z61: Tr | AA61: Tr
A62: Pastel, massa, frita | B62: 100 | C62: =B62*569.672459333333/100 -> 569.67246 | D62: =B62*6.0192/100 -> 6.0192 | E62: =B62*40.8603333333333/100 -> 40.860333 | F62: =B62*6.9/100 -> 6.9 | G62: =B62*10.1/100 -> 10.1 | H62: =B62*21.2/100 -> 21.2 | I62: =B62*19.61/100 -> 19.61 | J62: =B62*1.32/100 -> 1.32 | K62: NA | L62: =B62*49.3431333333333/100 -> 49.343133 | M62: =B62*1.30933333333333/100 -> 1.3093333 | N62: =B62*11.2656666666667/100 -> 11.265667 | O62: =B62*12.7403333333333/100 -> 12.740333 | P62: =B62*0.356333333333333/100 -> 0.35633333 | Q62: =B62*62.3623333333333/100 -> 62.362333 | R62: =B62*1.44666666666667/100 -> 1.4466667 | S62: =B62*1174.667/100 -> 1174.667 | T62: =B62*142.554/100 -> 142.554 | U62: =B62*0.0793333333333333/100 -> 0.079333333 | V62: =B62*0.521666666666667/100 -> 0.52166667 | W62: NA | X62: =B62*0.163333333333333/100 -> 0.16333333 | Y62: Tr | Z62: Tr | AA62: Tr
A63: Pipoca, com óleo de soja, sem sal | B63: 100 | C63: =B63*448.334261847198/100 -> 448.33426 | D63: =B63*9.92708333333334/100 -> 9.9270833 | E63: =B63*15.941/100 -> 15.941 | F63: =B63*2.35733333333333/100 -> 2.3573333 | G63: =B63*3.69333333333333/100 -> 3.6933333 | H63: =B63*9.189/100 -> 9.189 | I63: =B63*8.483/100 -> 8.483 | J63: =B63*0.691/100 -> 0.691 | K63: NA | L63: =B63*70.3125833333333/100 -> 70.312583 | M63: =B63*14.3366666666667/100 -> 14.336667 | N63: =B63*2.82533333333333/100 -> 2.8253333 | O63: =B63*90.7573333333333/100 -> 90.757333 | P63: =B63*0.653666666666667/100 -> 0.65366667 | Q63: =B63*225.134666666667/100 -> 225.13467 | R63: =B63*1.15733333333333/100 -> 1.1573333 | S63: =B63*4.32033333333333/100 -> 4.3203333 | T63: =B63*255.956666666667/100 -> 255.95667 | U63: =B63*0.460666666666667/100 -> 0.46066667 | V63: =B63*2.04633333333333/100 -> 2.0463333 | W63: NA | X63: =B63*0.0333333333333333/100 -> 0.033333333 | Y63: =B63*0.03/100 -> 0.03 | Z63: Tr | AA63: Tr | AB63: Tr
A64: Polenta, pré-cozida | B64: 100 | C64: =B64*102.741166666667/100 -> 102.74117 | D64: =B64*2.29166666666667/100 -> 2.2916667 | E64: =B64*0.303333333333333/100 -> 0.30333333 | K64: NA | L64: =B64*23.3116666666667/100 -> 23.311667 | M64: =B64*2.40333333333333/100 -> 2.4033333 | N64: =B64*1.094/100 -> 1.094 | O64: =B64*4.429/100 -> 4.429 | P64: Tr | Q64: =B64*16.786/100 -> 16.786 | R64: Tr | S64: =B64*441.889333333333/100 -> 441.88933 | T64: =B64*99.637/100 -> 99.637 | U64: =B64*0.044/100 -> 0.044 | V64: =B64*0.0506666666666667/100 -> 0.050666667 | W64: NA | X64: =B64*0.0433333333333333/100 -> 0.043333333 | Y64: Tr | Z64: Tr | AA64: Tr | AB64: Tr
A65: Torrada, pão francês | B65: 100 | C65: =B65*377.422283/100 -> 377.42228 | D65: =B65*10.5241/100 -> 10.5241 | E65: =B65*3.301/100 -> 3.301 | F65: =B65*0.9/100 -> 0.9 | G65: =B65*0.8/100 -> 0.8 | H65: =B65*1/100 -> 1 | I65: =B65*0.99/100 -> 0.99 | J65: =B65*0.05/100 -> 0.05 | K65: NA | L65: =B65*74.5559/100 -> 74.5559 | M65: =B65*3.395/100 -> 3.395 | N65: =B65*18.7446666666667/100 -> 18.744667 | O65: =B65*31.5973333333333/100 -> 31.597333 | P65: =B65*0.553333333333333/100 -> 0.55333333 | Q65: =B65*113.916666666667/100 -> 113.91667 | R65: =B65*1.23866666666667/100 -> 1.2386667 | S65: =B65*829.492333333333/100 -> 829.49233 | T65: =B65*189.489333333333/100 -> 189.48933 | U65: =B65*0.161/100 -> 0.161 | V65: =B65*0.905/100 -> 0.905 | W65: NA | X65: =B65*0.376666666666667/100 -> 0.37666667 | Y65: Tr | Z65: Tr | AA65: Tr | AB65: Tr
A66: Verduras, hortaliças e derivados
A67: Abóbora, cabotian, cozida | B67: 100 | C67: =B67*48.0437425/100 -> 48.043743 | D67: =B67*1.44375/100 -> 1.44375 | E67: =B67*0.729333333333333/100 -> 0.72933333 | F67: =B67*0.1/100 -> 0.1 | G67: =B67*0.2/100 -> 0.2 | H67: =B67*0.2/100 -> 0.2 | I67: =B67*0.15/100 -> 0.15 | J67: =B67*0.08/100 -> 0.08 | K67: NA | L67: =B67*10.7609166666667/100 -> 10.760917 | M67: =B67*2.46266666666667/100 -> 2.4626667 | N67: =B67*7.62566666666667/100 -> 7.6256667 | O67: =B67*9.111/100 -> 9.111 | P67: =B67*0.260666666666667/100 -> 0.26066667 | Q67: =B67*32.595/100 -> 32.595 | R67: =B67*0.345333333333333/100 -> 0.34533333 | S67: =B67*1.45166666666667/100 -> 1.4516667 | T67: =B67*199.102333333333/100 -> 199.10233 | U67: =B67*0.0613333333333333/100 -> 0.061333333 | V67: =B67*0.286333333333333/100 -> 0.28633333 | W67: NA | X67: =B67*0.0766666666666667/100 -> 0.076666667 | Y67: Tr | Z67: =B67*0.07/100 -> 0.07 | AA67: Tr | AB67: =B67*7.46333333333333/100 -> 7.4633333
A68: Abóbora, cabotian, crua | B68: 100 | C68: =B68*38.5992942028986/100 -> 38.599294 | D68: =B68*1.7463768115942/100 -> 1.7463768 | E68: =B68*0.536666666666667/100 -> 0.53666667 | F68: =B68*0.120333333333333/100 -> 0.12033333 | G68: =B68*0.082/100 -> 0.082 | H68: =B68*0.0486666666666667/100 -> 0.048666667 | I68: =B68*0.035/100 -> 0.035 | J68: =B68*0.0136666666666667/100 -> 0.013666667 | K68: NA | L68: =B68*8.36028985507247/100 -> 8.3602899 | M68: =B68*2.16666666666667/100 -> 2.1666667 | N68: =B68*17.9633333333333/100 -> 17.963333 | O68: =B68*8.82/100 -> 8.82 | P68: =B68*0.11/100 -> 0.11 | Q68: =B68*25.7666666666667/100 -> 25.766667 | R68: =B68*0.373333333333333/100 -> 0.37333333 | S68: Tr | T68: =B68*350.56/100 -> 350.56 | U68: =B68*0.06/100 -> 0.06 | V68: =B68*0.32/100 -> 0.32 | W68: NA | X68: Tr | Y68: Tr | Z68: =B68*0.1/100 -> 0.1 | AA68: Tr | AB68: =B68*5.09/100 -> 5.09
A69: Abóbora, menina brasileira, crua | B69: 100 | C69: =B69*13.6056739130435/100 -> 13.605674 | D69: =B69*0.608695652173913/100 -> 0.60869565 | E69: Tr | K69: NA | L69: =B69*3.30130434782609/100 -> 3.3013043 | M69: =B69*1.17/100 -> 1.17 | N69: =B69*8.74/100 -> 8.74 | O69: =B69*4.09/100 -> 4.09 | P69: =B69*0.01/100 -> 0.01 | Q69: =B69*11.62/100 -> 11.62 | R69: =B69*0.15/100 -> 0.15 | S69: Tr | T69: =B69*164.6/100 -> 164.6 | U69: =B69*0.02/100 -> 0.02 | V69: Tr | W69: NA | X69: =B69*0.07/100 -> 0.07 | Y69: Tr | Z69: =B69*0.04/100 -> 0.04 | AA69: Tr | AB69: =B69*1.5/100 -> 1.5
A70: Abóbora, moranga, crua | B70: 100 | C70: =B70*12.364436231884/100 -> 12.364436 | D70: =B70*0.960144927536232/100 -> 0.96014493 | E70: =B70*0.06/100 -> 0.06 | K70: NA | L70: =B70*2.66652173913043/100 -> 2.6665217 | M70: =B70*1.70333333333333/100 -> 1.7033333 | N70: =B70*3.04766666666667/100 -> 3.0476667 | O70: =B70*1.84766666666667/100 -> 1.8476667 | P70: =B70*0.01/100 -> 0.01 | Q70: =B70*7.91466666666667/100 -> 7.9146667 | R70: Tr | S70: Tr | T70: =B70*124.865333333333/100 -> 124.86533 | U70: =B70*0.05/100 -> 0.05 | V70: =B70*0.07/100 -> 0.07 | W70: NA | X70: Tr | Y70: Tr | Z70: =B70*0.0633333333333333/100 -> 0.063333333 | AA70: Tr | AB70: =B70*9.64666666666667/100 -> 9.6466667
A71: Abóbora, moranga, refogada | B71: 100 | C71: =B71*29.0038220317562/100 -> 29.003822 | D71: =B71*0.39375/100 -> 0.39375 | E71: =B71*0.799/100 -> 0.799 | F71: =B71*0.12/100 -> 0.12 | G71: =B71*0.191333333333333/100 -> 0.19133333 | H71: =B71*0.447/100 -> 0.447 | I71: =B71*0.398/100 -> 0.398 | J71: =B71*0.049/100 -> 0.049 | K71: NA | L71: =B71*5.98191666666666/100 -> 5.9819167 | M71: =B71*1.54666666666667/100 -> 1.5466667 | N71: =B71*19.08/100 -> 19.08 | O71: =B71*7.49233333333333/100 -> 7.4923333 | P71: =B71*0.016/100 -> 0.016 | Q71: =B71*11.6506666666667/100 -> 11.650667 | R71: =B71*0.113/100 -> 0.113 | S71: =B71*3.02766666666667/100 -> 3.0276667 | T71: =B71*183.193333333333/100 -> 183.19333 | U71: =B71*0.0426666666666667/100 -> 0.042666667 | V71: =B71*0.0826666666666667/100 -> 0.082666667 | W71: NA | X71: =B71*0.0533333333333333/100 -> 0.053333333 | Y71: Tr | Z71: =B71*0.05/100 -> 0.05 | AA71: Tr | AB71: =B71*6.72666666666667/100 -> 6.7266667
A72: Abóbora, pescoço, crua | B72: 100 | C72: =B72*24.4662679497004/100 -> 24.466268 | D72: =B72*0.670833333333333/100 -> 0.67083333 | E72: =B72*0.116/100 -> 0.116 | K72: NA | L72: =B72*6.12283333333334/100 -> 6.1228333 | M72: =B72*2.30033333333333/100 -> 2.3003333 | N72: =B72*8.808/100 -> 8.808 | O72: =B72*7.421/100 -> 7.421 | P72: =B72*0.0713333333333333/100 -> 0.071333333 | Q72: =B72*31.6193333333333/100 -> 31.619333 | R72: =B72*0.275/100 -> 0.275 | S72: =B72*0.745/100 -> 0.745 | T72: =B72*263.876/100 -> 263.876 | U72: =B72*0.0913333333333333/100 -> 0.091333333 | V72: =B72*0.176666666666667/100 -> 0.17666667 | W72: NA | X72: Tr | Y72: Tr | Z72: =B72*0.06/100 -> 0.06 | AA72: Tr | AB72: =B72*2.09/100 -> 2.09
A73: Abobrinha, italiana, cozida | B73: 100 | C73: =B73*15.03852/100 -> 15.03852 | D73: =B73*1.125/100 -> 1.125 | E73: =B73*0.199/100 -> 0.199 | F73: =B73*0.1/100 -> 0.1 | G73: Tr | H73: =B73*0.1/100 -> 0.1 | I73: =B73*0.03/100 -> 0.03 | J73: =B73*0.03/100 -> 0.03 | K73: NA | L73: =B73*2.97700000000001/100 -> 2.977 | M73: =B73*1.588/100 -> 1.588 | N73: =B73*16.7256666666667/100 -> 16.725667 | O73: =B73*16.8596666666667/100 -> 16.859667 | P73: =B73*0.106/100 -> 0.106 | Q73: =B73*22.4873333333333/100 -> 22.487333 | R73: =B73*0.159666666666667/100 -> 0.15966667 | S73: =B73*0.832666666666667/100 -> 0.83266667 | T73: =B73*125.879/100 -> 125.879 | U73: =B73*0.0123333333333333/100 -> 0.012333333 | V73: =B73*0.257333333333333/100 -> 0.25733333 | W73: NA | X73: =B73*0.05/100 -> 0.05 | Y73: Tr | Z73: =B73*0.06/100 -> 0.06 | AA73: Tr | AB73: =B73*2.13/100 -> 2.13
A74: Abobrinha, italiana, crua | B74: 100 | C74: =B74*19.2791260869565/100 -> 19.279126 | D74: =B74*1.14130434782609/100 -> 1.1413043 | E74: =B74*0.14/100 -> 0.14 | K74: NA | L74: =B74*4.29202898550724/100 -> 4.292029 | M74: =B74*1.35333333333333/100 -> 1.3533333 | N74: =B74*15.1266666666667/100 -> 15.126667 | O74: =B74*19.9466666666667/100 -> 19.946667 | P74: =B74*0.09/100 -> 0.09 | Q74: =B74*32.0166666666667/100 -> 32.016667 | R74: =B74*0.243333333333333/100 -> 0.24333333 | S74: Tr | T74: =B74*253.38/100 -> 253.38 | U74: =B74*0.0466666666666667/100 -> 0.046666667 | V74: =B74*0.166666666666667/100 -> 0.16666667 | W74: NA | X74: Tr | Y74: =B74*0.0566666666666667/100 -> 0.056666667 | Z74: =B74*0.03/100 -> 0.03 | AA74: Tr | AB74: =B74*6.87333333333333/100 -> 6.8733333
A75: Abobrinha, italiana, refogada | B75: 100 | C75: =B75*24.4296021876534/100 -> 24.429602 | D75: =B75*1.06875/100 -> 1.06875 | E75: =B75*0.821333333333333/100 -> 0.82133333 | F75: =B75*0.133333333333333/100 -> 0.13333333 | G75: =B75*0.180666666666667/100 -> 0.18066667 | H75: =B75*0.460666666666667/100 -> 0.46066667 | I75: =B75*0.397/100 -> 0.397 | J75: =B75*0.0636666666666667/100 -> 0.063666667 | K75: NA | L75: =B75*4.18691666666666/100 -> 4.1869167 | M75: =B75*1.38/100 -> 1.38 | N75: =B75*20.672/100 -> 20.672 | O75: =B75*12.667/100 -> 12.667 | P75: =B75*0.135333333333333/100 -> 0.13533333 | Q75: =B75*31.8283333333333/100 -> 31.828333 | R75: =B75*0.358/100 -> 0.358 | S75: =B75*2.209/100 -> 2.209 | T75: =B75*193.626666666667/100 -> 193.62667 | U75: =B75*0.0226666666666667/100 -> 0.022666667 | V75: =B75*0.272/100 -> 0.272 | W75: NA | X75: =B75*0.0433333333333333/100 -> 0.043333333 | Y75: Tr | Z75: Tr | AA75: Tr | AB75: =B75*7.53/100 -> 7.53
A76: Abobrinha, paulista, crua | B76: 100 | C76: =B76*30.8107022288163/100 -> 30.810702 | D76: =B76*0.639583333333333/100 -> 0.63958333 | E76: =B76*0.139/100 -> 0.139 | K76: NA | L76: =B76*7.86742/100 -> 7.86742 | M76: =B76*2.605/100 -> 2.605 | N76: =B76*18.67/100 -> 18.67 | O76: =B76*9.39/100 -> 9.39 | P76: =B76*0.111/100 -> 0.111 | Q76: =B76*32.7456666666667/100 -> 32.745667 | R76: =B76*0.17/100 -> 0.17 | S76: =B76*0.500666666666667/100 -> 0.50066667 | T76: =B76*212.871333333333/100 -> 212.87133 | U76: =B76*0.0956666666666667/100 -> 0.095666667 | V76: =B76*0.177/100 -> 0.177 | W76: NA | X76: Tr | Y76: Tr | Z76: =B76*0.0333333333333333/100 -> 0.033333333 | AA76: Tr | AB76: =B76*17.5466666666667/100 -> 17.546667
A77: Acelga, crua | B77: 100 | C77: =B77*20.9423424999999/100 -> 20.942342 | D77: =B77*1.44375/100 -> 1.44375 | E77: =B77*0.106/100 -> 0.106 | K77: NA | L77: =B77*4.63091666666666/100 -> 4.6309167 | M77: =B77*1.122/100 -> 1.122 | N77: =B77*42.985/100 -> 42.985 | O77: =B77*10.3953333333333/100 -> 10.395333 | P77: =B77*0.107/100 -> 0.107 | Q77: =B77*40.026/100 -> 40.026 | R77: =B77*0.269333333333333/100 -> 0.26933333 | S77: =B77*1.18066666666667/100 -> 1.1806667 | T77: =B77*239.816666666667/100 -> 239.81667 | U77: =B77*0.104333333333333/100 -> 0.10433333 | V77: =B77*0.306333333333333/100 -> 0.30633333 | W77: NA | X77: =B77*0.04/100 -> 0.04 | Y77: Tr | Z77: =B77*0.156666666666667/100 -> 0.15666667 | AA77: Tr | AB77: =B77*22.55/100 -> 22.55
A78: Agrião, cru | B78: 100 | C78: =B78*16.5788014492753/100 -> 16.578801 | D78: =B78*2.68840579710145/100 -> 2.6884058 | E78: =B78*0.236666666666667/100 -> 0.23666667 | K78: NA | L78: =B78*2.25159420289854/100 -> 2.2515942 | M78: =B78*2.13666666666667/100 -> 2.1366667 | N78: =B78*132.53/100 -> 132.53 | O78: =B78*18.1633333333333/100 -> 18.163333 | P78: =B78*0.28/100 -> 0.28 | Q78: =B78*50.5866666666667/100 -> 50.586667 | R78: =B78*3.10666666666667/100 -> 3.1066667 | S78: =B78*7.46233333333333/100 -> 7.4623333 | T78: =B78*217.66/100 -> 217.66 | U78: =B78*0.103333333333333/100 -> 0.10333333 | V78: =B78*0.723333333333333/100 -> 0.72333333 | W78: NA | X78: =B78*0.106666666666667/100 -> 0.10666667 | Y78: =B78*0.23/100 -> 0.23 | Z78: =B78*0.0933333333333333/100 -> 0.093333333 | AA78: =B78*1.19333333333333/100 -> 1.1933333 | AB78: =B78*60.1/100 -> 60.1
A79: Aipo, cru | B79: 100 | C79: =B79*19.0914566449706/100 -> 19.091457 | D79: =B79*0.758333333333333/100 -> 0.75833333 | E79: =B79*0.069/100 -> 0.069 | K79: NA | L79: =B79*4.27233333333334/100 -> 4.2723333 | M79: =B79*0.957/100 -> 0.957 | N79: =B79*65.2246666666667/100 -> 65.224667 | O79: =B79*8.86033333333333/100 -> 8.8603333 | P79: =B79*0.178/100 -> 0.178 | Q79: =B79*28.0456666666667/100 -> 28.045667 | R79: =B79*0.720333333333333/100 -> 0.72033333 | S79: =B79*9.51566666666667/100 -> 9.5156667 | T79: =B79*273.603666666667/100 -> 273.60367 | U79: =B79*0.314333333333333/100 -> 0.31433333 | V79: =B79*0.142666666666667/100 -> 0.14266667 | W79: NA | X79: Tr | Y79: Tr | Z79: =B79*0.18/100 -> 0.18 | AA79: Tr | AB79: =B79*5.88/100 -> 5.88
A80: Alface, americana, crua | B80: 100 | C80: =B80*8.79490323686605/100 -> 8.7949032 | D80: =B80*0.608333333333333/100 -> 0.60833333 | E80: =B80*0.129/100 -> 0.129 | K80: NA | L80: =B80*1.74533333333335/100 -> 1.7453333 | M80: =B80*1.02166666666667/100 -> 1.0216667 | N80: =B80*14.4446666666667/100 -> 14.444667 | O80: =B80*5.73666666666667/100 -> 5.7366667 | P80: =B80*0.117666666666667/100 -> 0.11766667 | Q80: =B80*19.377/100 -> 19.377 | R80: =B80*0.266666666666667/100 -> 0.26666667 | S80: =B80*7.30833333333333/100 -> 7.3083333 | T80: =B80*136.003/100 -> 136.003 | U80: =B80*0.0216666666666667/100 -> 0.021666667 | V80: =B80*0.226333333333333/100 -> 0.22633333 | W80: NA | X80: =B80*0.03/100 -> 0.03 | Y80: Tr | Z80: =B80*0.0366666666666667/100 -> 0.036666667 | AA80: Tr | AB80: =B80*10.96/100 -> 10.96
A81: Alface, crespa, crua | B81: 100 | C81: =B81*10.6808565217392/100 -> 10.680857 | D81: =B81*1.34782608695652/100 -> 1.3478261 | E81: =B81*0.16/100 -> 0.16 | K81: NA | L81: =B81*1.69550724637683/100 -> 1.6955072 | M81: =B81*1.82666666666667/100 -> 1.8266667 | N81: =B81*37.98/100 -> 37.98 | O81: =B81*10.97/100 -> 10.97 | P81: =B81*0.2/100 -> 0.2 | Q81: =B81*25.8066666666667/100 -> 25.806667 | R81: =B81*0.396666666666667/100 -> 0.39666667 | S81: =B81*3.38/100 -> 3.38 | T81: =B81*267.133333333333/100 -> 267.13333 | U81: =B81*0.03/100 -> 0.03 | V81: =B81*0.253333333333333/100 -> 0.25333333 | W81: NA | X81: =B81*0.11/100 -> 0.11 | Y81: =B81*0.123333333333333/100 -> 0.12333333 | Z81: Tr | AA81: =B81*1.09333333333333/100 -> 1.0933333 | AB81: =B81*15.5766666666667/100 -> 15.576667
A82: Alface, lisa, crua | B82: 100 | C82: =B82*13.8209014492753/100 -> 13.820901 | D82: =B82*1.68840579710145/100 -> 1.6884058 | E82: =B82*0.123333333333333/100 -> 0.12333333 | K82: NA | L82: =B82*2.42826086956522/100 -> 2.4282609 | M82: =B82*2.33/100 -> 2.33 | N82: =B82*27.5133333333333/100 -> 27.513333 | O82: =B82*9.10666666666667/100 -> 9.1066667 | P82: =B82*0.333666666666667/100 -> 0.33366667 | Q82: =B82*26.1333333333333/100 -> 26.133333 | R82: =B82*0.61/100 -> 0.61 | S82: =B82*4.23333333333333/100 -> 4.2333333 | T82: =B82*348.71/100 -> 348.71 | U82: =B82*0.0333333333333333/100 -> 0.033333333 | V82: =B82*0.346666666666667/100 -> 0.34666667 | W82: NA | X82: =B82*0.0866666666666667/100 -> 0.086666667 | Y82: =B82*0.0833333333333333/100 -> 0.083333333 | Z82: =B82*0.07/100 -> 0.07 | AA82: =B82*0.75/100 -> 0.75 | AB82: =B82*21.39/100 -> 21.39
A83: Alface, roxa, crua | B83: 100 | C83: =B83*12.716997363468/100 -> 12.716997 | D83: =B83*0.90625/100 -> 0.90625 | E83: =B83*0.191666666666667/100 -> 0.19166667 | K83: NA | L83: =B83*2.49341666666666/100 -> 2.4934167 | M83: =B83*2.01333333333333/100 -> 2.0133333 | N83: =B83*33.8283333333333/100 -> 33.828333 | O83: =B83*9.311/100 -> 9.311 | P83: =B83*0.116333333333333/100 -> 0.11633333 | Q83: =B83*51.1293333333333/100 -> 51.129333 | R83: =B83*2.477/100 -> 2.477 | S83: =B83*7.12433333333333/100 -> 7.1243333 | T83: =B83*308.435333333333/100 -> 308.43533 | U83: =B83*0.0366666666666667/100 -> 0.036666667 | V83: =B83*0.234666666666667/100 -> 0.23466667 | W83: NA | X83: Tr | Y83: Tr | Z83: Tr | AA83: Tr | AB83: =B83*13.4733333333333/100 -> 13.473333
A84: Alfavaca, crua | B84: 100 | C84: =B84*29.1836130810579/100 -> 29.183613 | D84: =B84*2.65833333333333/100 -> 2.6583333 | E84: =B84*0.476333333333333/100 -> 0.47633333 | F84: =B84*0.1/100 -> 0.1 | G84: Tr | H84: =B84*0.2/100 -> 0.2 | I84: =B84*0.04/100 -> 0.04 | J84: =B84*0.16/100 -> 0.16 | K84: NA | L84: =B84*5.241/100 -> 5.241 | M84: =B84*4.14033333333333/100 -> 4.1403333 | N84: =B84*258.497666666667/100 -> 258.49767 | O84: =B84*84.2383333333333/100 -> 84.238333 | P84: =B84*0.145333333333333/100 -> 0.14533333 | Q84: =B84*49.743/100 -> 49.743 | R84: =B84*1.25633333333333/100 -> 1.2563333 | S84: =B84*4.55033333333333/100 -> 4.5503333 | T84: =B84*260.717666666667/100 -> 260.71767 | U84: =B84*0.151666666666667/100 -> 0.15166667 | V84: =B84*0.706/100 -> 0.706 | W84: NA | X84: Tr | Y84: =B84*0.12/100 -> 0.12 | Z84: =B84*0.556666666666667/100 -> 0.55666667 | AA84: Tr | AB84: Tr
A85: Alho, cru | B85: 100 | C85: =B85*113.12987826087/100 -> 113.12988 | D85: =B85*7.01086956521739/100 -> 7.0108696 | E85: =B85*0.22/100 -> 0.22 | K85: NA | L85: =B85*23.9057971014493/100 -> 23.905797 | M85: =B85*4.32333333333333/100 -> 4.3233333 | N85: =B85*13.56/100 -> 13.56 | O85: =B85*21.2933333333333/100 -> 21.293333 | P85: =B85*0.24/100 -> 0.24 | Q85: =B85*149.09/100 -> 149.09 | R85: =B85*0.8/100 -> 0.8 | S85: =B85*5.36/100 -> 5.36 | T85: =B85*534.886666666667/100 -> 534.88667 | U85: =B85*0.15/100 -> 0.15 | V85: =B85*0.82/100 -> 0.82 | W85: NA | X85: =B85*0.183333333333333/100 -> 0.18333333 | Y85: Tr | Z85: =B85*0.443333333333333/100 -> 0.44333333 | AA85: Tr | AB85: *
A86: Alho-poró, cru | B86: 100 | C86: =B86*31.5079193532467/100 -> 31.507919 | D86: =B86*1.4125/100 -> 1.4125 | E86: =B86*0.139666666666667/100 -> 0.13966667 | K86: NA | L86: =B86*6.87816666666667/100 -> 6.8781667 | M86: =B86*2.50666666666667/100 -> 2.5066667 | N86: =B86*33.6163333333333/100 -> 33.616333 | O86: =B86*10.6946666666667/100 -> 10.694667 | P86: =B86*0.102333333333333/100 -> 0.10233333 | Q86: =B86*36.4863333333333/100 -> 36.486333 | R86: =B86*0.640666666666667/100 -> 0.64066667 | S86: =B86*1.76233333333333/100 -> 1.7623333 | T86: =B86*224.466333333333/100 -> 224.46633 | U86: =B86*0.288/100 -> 0.288 | V86: =B86*0.240666666666667 -> 24.066667 | W86: NA | X86: =B86*0.0633333333333333/100 -> 0.063333333 | Y86: Tr | Z86: =B86*0.0833333333333333/100 -> 0.083333333 | AA86: =B86*0.34/100 -> 0.34 | AB86: =B86*14.1466666666667/100 -> 14.146667
A87: Almeirão, cru | B87: 100 | C87: =B87*18.0344289855072/100 -> 18.034429 | D87: =B87*1.76811594202899/100 -> 1.7681159 | E87: =B87*0.216666666666667/100 -> 0.21666667 | K87: NA | L87: =B87*3.33521739130435/100 -> 3.3352174 | M87: =B87*2.58666666666667/100 -> 2.5866667 | N87: =B87*19.4953333333333/100 -> 19.495333 | O87: =B87*21.11/100 -> 21.11 | P87: =B87*0.166666666666667/100 -> 0.16666667 | Q87: =B87*39.66/100 -> 39.66 | R87: =B87*0.743333333333333/100 -> 0.74333333 | S87: =B87*2.35066666666667/100 -> 2.3506667 | T87: =B87*369.12/100 -> 369.12 | U87: =B87*0.1/100 -> 0.1 | V87: =B87*0.286666666666667/100 -> 0.28666667 | W87: NA | X87: =B87*0.0966666666666667/100 -> 0.096666667 | Y87: =B87*0.176666666666667/100 -> 0.17666667 | Z87: Tr | AA87: =B87*0.626666666666667/100 -> 0.62666667 | AB87: =B87*1.68666666666667/100 -> 1.6866667
A88: Almeirão, refogado | B88: 100 | C88: =B88*65.0819108288685/100 -> 65.081911 | D88: =B88*1.70416666666667/100 -> 1.7041667 | E88: =B88*4.847/100 -> 4.847 | F88: =B88*0.8/100 -> 0.8 | G88: =B88*1.1/100 -> 1.1 | H88: =B88*2.6/100 -> 2.6 | I88: =B88*2.3/100 -> 2.3 | J88: =B88*0.35/100 -> 0.35 | K88: NA | L88: =B88*5.70149999999999/100 -> 5.7015 | M88: =B88*3.42766666666667/100 -> 3.4276667 | N88: =B88*63.4036666666667/100 -> 63.403667 | O88: =B88*17.284/100 -> 17.284 | P88: =B88*0.278666666666667/100 -> 0.27866667 | Q88: =B88*30.8716666666667/100 -> 30.871667 | R88: =B88*1.55066666666667/100 -> 1.5506667 | S88: =B88*14.515/100 -> 14.515 | T88: =B88*315.355666666667/100 -> 315.35567 | U88: =B88*0.058/100 -> 0.058 | V88: =B88*0.191/100 -> 0.191 | W88: NA | X88: =B88*0.03/100 -> 0.03 | Y88: =B88*0.06/100 -> 0.06 | Z88: =B88*0.0466666666666667/100 -> 0.046666667 | AA88: =B88*4.03333333333333/100 -> 4.0333333 | AB88: =B88*1.47/100 -> 1.47
A89: Batata, baroa, cozida | B89: 100 | C89: =B89*80.1197625/100 -> 80.119762 | D89: =B89*0.852083333333333/100 -> 0.85208333 | E89: =B89*0.166333333333333/100 -> 0.16633333 | K89: NA | L89: =B89*18.9475833333333/100 -> 18.947583 | M89: =B89*1.758/100 -> 1.758 | N89: =B89*11.85/100 -> 11.85 | O89: =B89*7.576/100 -> 7.576 | P89: =B89*0.218/100 -> 0.218 | Q89: =B89*29.475/100 -> 29.475 | R89: =B89*0.423666666666667/100 -> 0.42366667 | S89: =B89*2.098/100 -> 2.098 | T89: =B89*258.326666666667/100 -> 258.32667 | U89: =B89*0.147/100 -> 0.147 | V89: =B89*0.378666666666667/100 -> 0.37866667 | W89: NA | X89: =B89*0.06/100 -> 0.06 | Y89: Tr | Z89: Tr | AA89: =B89*1.98/100 -> 1.98 | AB89: =B89*17.1/100 -> 17.1
A90: Batata, baroa, crua | B90: 100 | C90: =B90*100.984923188406/100 -> 100.98492 | D90: =B90*1.04710144927536/100 -> 1.0471014 | E90: =B90*0.17/100 -> 0.17 | K90: NA | L90: =B90*23.9828985507246/100 -> 23.982899 | M90: =B90*2.06333333333333/100 -> 2.0633333 | N90: =B90*17.1266666666667/100 -> 17.126667 | O90: =B90*11.9933333333333/100 -> 11.993333 | P90: =B90*0.0666666666666667/100 -> 0.066666667 | Q90: =B90*45.2/100 -> 45.2 | R90: =B90*0.303333333333333/100 -> 0.30333333 | S90: Tr | T90: =B90*505.183333333333/100 -> 505.18333 | U90: =B90*0.0466666666666667/100 -> 0.046666667 | V90: =B90*0.203333333333333/100 -> 0.20333333 | W90: NA | X90: =B90*0.0466666666666667/100 -> 0.046666667 | Y90: Tr | Z90: =B90*0.123333333333333/100 -> 0.12333333 | AA90: Tr | AB90: =B90*7.55/100 -> 7.55
A91: Batata, doce, cozida | B91: 100 | C91: =B91*76.7596105034352/100 -> 76.759611 | D91: =B91*0.641666666666667/100 -> 0.64166667 | E91: =B91*0.0876666666666667/100 -> 0.087666667 | K91: NA | L91: =B91*18.4223333333333/100 -> 18.422333 | M91: =B91*2.212/100 -> 2.212 | N91: =B91*17.153/100 -> 17.153 | O91: =B91*11.1596666666667/100 -> 11.159667 | P91: =B91*0.139333333333333/100 -> 0.13933333 | Q91: =B91*15.394/100 -> 15.394 | R91: =B91*0.187/100 -> 0.187 | S91: =B91*2.699/100 -> 2.699 | T91: =B91*148.44/100 -> 148.44 | U91: =B91*0.06/100 -> 0.06 | V91: =B91*0.123333333333333/100 -> 0.12333333 | W91: NA | X91: =B91*0.0833333333333333/100 -> 0.083333333 | Y91: Tr | Z91: =B91*0.05/100 -> 0.05 | AA91: =B91*2.57333333333333/100 -> 2.5733333 | AB91: =B91*23.7866666666667/100 -> 23.786667
A92: Batata, doce, crua | B92: 100 | C92: =B92*118.241375362319/100 -> 118.24138 | D92: =B92*1.25724637681159/100 -> 1.2572464 | E92: =B92*0.133333333333333/100 -> 0.13333333 | K92: NA | L92: =B92*28.1960869565217/100 -> 28.196087 | M92: =B92*2.57333333333333/100 -> 2.5733333 | N92: =B92*21.11/100 -> 21.11 | O92: =B92*16.8933333333333/100 -> 16.893333 | P92: =B92*0.176666666666667/100 -> 0.17666667 | Q92: =B92*36.46/100 -> 36.46 | R92: =B92*0.386666666666667/100 -> 0.38666667 | S92: =B92*8.77333333333333/100 -> 8.7733333 | T92: =B92*340.203333333333/100 -> 340.20333 | U92: =B92*0.11/100 -> 0.11 | V92: =B92*0.2/100 -> 0.2 | W92: NA | X92: =B92*0.0566666666666667/100 -> 0.056666667 | Y92: Tr | Z92: =B92*0.1/100 -> 0.1 | AA92: Tr | AB92: =B92*16.48/100 -> 16.48
A93: Batata, frita, tipo chips, industrializada | B93: 100 | C93: =B93*542.73467338419/100 -> 542.73467 | D93: =B93*5.58333333333333/100 -> 5.5833333 | E93: =B93*36.615/100 -> 36.615 | F93: =B93*12.9/100 -> 12.9 | G93: =B93*11.9/100 -> 11.9 | H93: =B93*4/100 -> 4 | I93: =B93*3.85/100 -> 3.85 | J93: =B93*0.09/100 -> 0.09 | K93: NA | L93: =B93*51.2223333333333/100 -> 51.222333 | M93: =B93*2.45566666666667/100 -> 2.4556667 | N93: =B93*11.5976666666667/100 -> 11.597667 | O93: =B93*24.2393333333333/100 -> 24.239333 | P93: =B93*0.231333333333333/100 -> 0.23133333 | Q93: =B93*96.4983333333333/100 -> 96.498333 | R93: =B93*0.695666666666667/100 -> 0.69566667 | S93: =B93*607.399333333333/100 -> 607.39933 | T93: =B93*1014.325/100 -> 1014.325 | U93: =B93*0.121/100 -> 0.121 | V93: =B93*0.587666666666667/100 -> 0.58766667 | W93: NA | X93: =B93*0.196666666666667/100 -> 0.19666667 | Y93: Tr | Z93: =B93*0.13/100 -> 0.13 | AA93: =B93*2.61333333333333/100 -> 2.6133333 | AB93: Tr
A94: Batata, inglesa, cozida | B94: 100 | C94: =B94*51.5884766362707/100 -> 51.588477 | D94: =B94*1.16458333333333/100 -> 1.1645833 | E94: Tr | K94: NA | L94: =B94*11.94375/100 -> 11.94375 | M94: =B94*1.34333333333333/100 -> 1.3433333 | N94: =B94*3.52/100 -> 3.52 | O94: =B94*5.425/100 -> 5.425 | P94: =B94*0.0663333333333333/100 -> 0.066333333 | Q94: =B94*24.3423333333333/100 -> 24.342333 | R94: =B94*0.194/100 -> 0.194 | S94: =B94*2.29366666666667/100 -> 2.2936667 | T94: =B94*161.331666666667/100 -> 161.33167 | U94: =B94*0.0576666666666667/100 -> 0.057666667 | V94: =B94*0.187666666666667/100 -> 0.18766667 | W94: NA | X94: =B94*0.05/100 -> 0.05 | Y94: Tr | Z94: =B94*0.0833333333333333/100 -> 0.083333333 | AA94: Tr | AB94: =B94*3.76/100 -> 3.76
A95: Batata, inglesa, crua | B95: 100 | C95: =B95*64.3702260869565/100 -> 64.370226 | D95: =B95*1.77173913043478/100 -> 1.7717391 | E95: Tr | K95: NA | L95: =B95*14.6882608695652/100 -> 14.688261 | M95: =B95*1.16333333333333/100 -> 1.1633333 | N95: =B95*3.55/100 -> 3.55 | O95: =B95*14.58/100 -> 14.58 | P95: =B95*0.1/100 -> 0.1 | Q95: =B95*38.5366666666667/100 -> 38.536667 | R95: =B95*0.36/100 -> 0.36 | S95: Tr | T95: =B95*302.053333333333/100 -> 302.05333 | U95: =B95*0.0933333333333333/100 -> 0.093333333 | V95: =B95*0.24/100 -> 0.24 | W95: NA | X95: =B95*0.1/100 -> 0.1 | Y95: Tr | Z95: =B95*0.15/100 -> 0.15 | AA95: Tr | AB95: =B95*31.0833333333333/100 -> 31.083333
A96: Batata, inglesa, frita | B96: 100 | C96: =B96*267.157422502041/100 -> 267.15742 | D96: =B96*4.96666666666667/100 -> 4.9666667 | E96: =B96*13.1086666666667/100 -> 13.108667 | F96: =B96*2.1/100 -> 2.1 | G96: =B96*3.4/100 -> 3.4 | H96: =B96*6.6/100 -> 6.6 | I96: =B96*6.29/100 -> 6.29 | J96: =B96*0.3/100 -> 0.3 | K96: NA | L96: =B96*35.6403333333333/100 -> 35.640333 | M96: =B96*8.05933333333333/100 -> 8.0593333 | N96: =B96*6.27633333333333/100 -> 6.2763333 | O96: =B96*14.1143333333333/100 -> 14.114333 | P96: =B96*0.147666666666667/100 -> 0.14766667 | Q96: =B96*69.6676666666667/100 -> 69.667667 | R96: =B96*0.444333333333333/100 -> 0.44433333 | S96: =B96*1.913/100 -> 1.913 | T96: =B96*488.941666666667/100 -> 488.94167 | U96: =B96*0.103333333333333/100 -> 0.10333333 | V96: =B96*0.376/100 -> 0.376 | W96: NA | X96: =B96*0.173333333333333/100 -> 0.17333333 | Y96: Tr | Z96: =B96*0.103333333333333/100 -> 0.10333333 | AA96: =B96*2.50666666666667/100 -> 2.5066667 | AB96: =B96*16.3433333333333/100 -> 16.343333
A97: Batata, inglesa, sauté | B97: 100 | C97: =B97*67.8879361506303/100 -> 67.887936 | D97: =B97*1.29166666666667/100 -> 1.2916667 | E97: =B97*0.896333333333333/100 -> 0.89633333 | F97: =B97*0.3/100 -> 0.3 | G97: =B97*0.2/100 -> 0.2 | H97: =B97*0.4/100 -> 0.4 | I97: =B97*0.33/100 -> 0.33 | J97: =B97*0.03/100 -> 0.03 | K97: NA | L97: =B97*14.093/100 -> 14.093 | M97: =B97*1.377/100 -> 1.377 | N97: =B97*4.181/100 -> 4.181 | O97: =B97*6.45633333333333/100 -> 6.4563333 | P97: =B97*0.0843333333333333/100 -> 0.084333333 | Q97: =B97*31.968/100 -> 31.968 | R97: =B97*0.25/100 -> 0.25 | S97: =B97*8.182/100 -> 8.182 | T97: =B97*199.481666666667/100 -> 199.48167 | U97: =B97*0.0506666666666667/100 -> 0.050666667 | V97: =B97*0.208333333333333/100 -> 0.20833333 | W97: NA | X97: =B97*0.0666666666666667/100 -> 0.066666667 | Y97: Tr | Z97: =B97*0.0933333333333333/100 -> 0.093333333 | AA97: =B97*1.38333333333333/100 -> 1.3833333 | AB97: Tr
A98: Berinjela, cozida | B98: 100 | C98: =B98*18.8452855568131/100 -> 18.845286 | D98: =B98*0.677083333333333/100 -> 0.67708333 | E98: =B98*0.148333333333333/100 -> 0.14833333 | K98: NA | L98: =B98*4.46824999999999/100 -> 4.46825 | M98: =B98*2.52433333333333/100 -> 2.5243333 | N98: =B98*10.7713333333333/100 -> 10.771333 | O98: =B98*8.81566666666667/100 -> 8.8156667 | P98: =B98*0.111/100 -> 0.111 | Q98: =B98*15.0266666666667/100 -> 15.026667 | R98: =B98*0.220333333333333/100 -> 0.22033333 | S98: =B98*1.325/100 -> 1.325 | T98: =B98*105.48/100 -> 105.48 | U98: =B98*0.0436666666666667/100 -> 0.043666667 | V98: =B98*0.132333333333333/100 -> 0.13233333 | W98: NA | X98: =B98*0.04/100 -> 0.04 | Y98: Tr | Z98: Tr | AA98: Tr | AB98: Tr
A99: Berinjela, crua | B99: 100 | C99: =B99*19.6277536231884/100 -> 19.627754 | D99: =B99*1.22101449275362/100 -> 1.2210145 | E99: =B99*0.1/100 -> 0.1 | K99: NA | L99: =B99*4.42898550724637/100 -> 4.4289855 | M99: =B99*2.87333333333333/100 -> 2.8733333 | N99: =B99*9.22/100 -> 9.22 | O99: =B99*12.9133333333333/100 -> 12.913333 | P99: =B99*0.1/100 -> 0.1 | Q99: =B99*20.4633333333333/100 -> 20.463333 | R99: =B99*0.246666666666667/100 -> 0.24666667 | S99: Tr | T99: =B99*204.546666666667/100 -> 204.54667 | U99: =B99*0.0633333333333333/100 -> 0.063333333 | V99: =B99*0.12/100 -> 0.12 | W99: NA | X99: =B99*0.0433333333333333/100 -> 0.043333333 | Y99: =B99*0.0466666666666667/100 -> 0.046666667 | Z99: Tr | AA99: Tr | AB99: =B99*3.01/100 -> 3.01
A100: Beterraba, cozida | B100: 100 | C100: =B100*32.1543243314028/100 -> 32.154324 | D100: =B100*1.29375/100 -> 1.29375 | E100: =B100*0.0926666666666667/100 -> 0.092666667 | K100: NA | L100: =B100*7.23491666666666/100 -> 7.2349167 | M100: =B100*1.87866666666667/100 -> 1.8786667 | N100: =B100*15.2553333333333/100 -> 15.255333 | O100: =B100*16.5416666666667/100 -> 16.541667 | P100: =B100*0.188666666666667/100 -> 0.18866667 | Q100: =B100*30.1306666666667/100 -> 30.130667 | R100: =B100*0.238666666666667/100 -> 0.23866667 | S100: =B100*22.7616666666667/100 -> 22.761667 | T100: =B100*245.483333333333/100 -> 245.48333 | U100: =B100*0.039/100 -> 0.039 | V100: =B100*0.353666666666667/100 -> 0.35366667 | W100: NA | X100: =B100*0.09/100 -> 0.09 | Y100: Tr | Z100: Tr | AA100: Tr | AB100: =B100*1.24/100 -> 1.24
...

Sheet IBGE - 2011
A1: DESCRIÇÃO DO ALIMENTO | B1: QUANTIDADE (g) | C1: ENERGIA (kcal) | D1: PROTEÍNA (g) | E1: LIPÍDEOS (g) | F1: SATURADA (g) | G1: MONOINSAT (g) | H1: POLINSAT (g) | I1: ômega 6 | J1: ômega 3 | K1: COLESTEROL (mg) | L1: CHO (g) | M1: FIBRA (g) | N1: CÁLCIO (mg) | O1: Mg (mg) | P1: Mn (mg) | Q1: P (mg) | R1: FERRO (mg) | S1: SÓDIO (mg) | T1: POTÁSSIO (mg) | U1: COBRE (mg) | V1: ZINCO (mg) | W1: RETINOL (mcg) | X1: TIAMINA (mg) | Y1: RIBOFLAVINA (mg) | Z1: PIRIDOXINA (mg) | AA1: NIACINA (mg) | AB1: VITAMINA C (mg) | AC1: EQUIVALENTE DE NIACINA (mg) | AD1: COBALAMINA (mcg) | AE1: FOLATO (EQUIVALENTE DIETÉTICO DE FOLATO) (mcg) | AF1: VITAMINA D (mcg) | AG1: VITAMINA E (mg) | AH1: TRANS (g) | AI1: SÓDIO DE ADIÇÃO (mg) | AJ1: SELÊNIO (mcg) | AK1: VITAMINA A (mcg) | AL1: AÇÚCAR TOTAL (g) | AM1: AÇÚCAR DE ADIÇÃO (g)
A2: ARROZ (POLIDO, PARBOILIZADO, AGULHA, AGULHINHA, ETC) | B2: 100 | C2: =B2*IBGE_2!C$2/100 -> 135.62295 | D2: =B2*IBGE_2!D$2/100 -> 2.4961127 | E2: =B2*IBGE_2!E$2/100 -> 1.200042 | F2: =B2*IBGE_2!F$2/100 -> 0.3506652 | G2: =B2*IBGE_2!G$2/100 -> 0.2221954 | H2: =B2*IBGE_2!H$2/100 -> 0.5631178 | I2: =B2*IBGE_2!I$2/100 -> 0.5563308 | J2: =B2*IBGE_2!J$2/100 -> 0.0662088 | K2: . | L2: =B2*IBGE_2!L$2/100 -> 27.784863 | M2: =B2*IBGE_2!M$2/100 -> 1.5457022 | N2: =B2*IBGE_2!N$2/100 -> 3.5095989 | O2: =B2*IBGE_2!O$2/100 -> 2.2312507 | P2: =B2*IBGE_2!P$2/100 -> 0.29375933 | Q2: =B2*IBGE_2!Q$2/100 -> 17.769139 | R2: =B2*IBGE_2!R$2/100 -> 0.076405333 | S2: =B2*IBGE_2!S$2/100 -> 1.1889001 | T2: =B2*IBGE_2!T$2/100 -> 14.529865 | U2: =B2*IBGE_2!U$2/100 -> 0.014853 | V2: =B2*IBGE_2!V$2/100 -> 0.48661627 | W2: . | X2: . | Y2: . | Z2: . | AA2: . | AB2: . | AC2: . | AD2: . | AE2: . | AF2: . | AG2: =B2*IBGE_2!AG$2/100 -> 0.0797818 | AH2: =B2*IBGE_2!AH$2/100 -> 0.005194 | AI2: =B2*IBGE_2!AI$2/100 -> 382 | AJ2: =B2*IBGE_2!AJ$2/100 -> 0.4469682 | AK2: . | AL2: . | AM2: .
A3: ARROZ INTEGRAL | B3: 100 | C3: =B3*IBGE_2!C$3/100 -> 130.94564 | D3: =B3*IBGE_2!D$3/100 -> 2.5628852 | E3: =B3*IBGE_2!E$3/100 -> 1.9657967 | F3: =B3*IBGE_2!F$3/100 -> 0.4496852 | G3: =B3*IBGE_2!G$3/100 -> 0.6182754 | H3: =B3*IBGE_2!H$3/100 -> 0.8601778 | I3: =B3*IBGE_2!I$3/100 -> 0.8038808 | J3: =B3*IBGE_2!J$3/100 -> 0.0761108 | K3: . | L3: =B3*IBGE_2!L$3/100 -> 25.556814 | M3: =B3*IBGE_2!M$3/100 -> 2.7223899 | N3: =B3*IBGE_2!N$3/100 -> 5.1530008 | O3: =B3*IBGE_2!O$3/100 -> 58.12672 | P3: =B3*IBGE_2!P$3/100 -> 0.62118547 | Q3: =B3*IBGE_2!Q$3/100 -> 104.81564 | R3: =B3*IBGE_2!R$3/100 -> 0.2599224 | S3: =B3*IBGE_2!S$3/100 -> 1.2324689 | T3: =B3*IBGE_2!T$3/100 -> 74.41518 | U3: =B3*IBGE_2!U$3/100 -> 0.020134067 | V3: =B3*IBGE_2!V$3/100 -> 0.67607453 | W3: . | X3: =B3*IBGE_2!X$3/100 -> 0.079216 | Y3: . | Z3: =B3*IBGE_2!Z$3/100 -> 0.079216 | AA3: . | AB3: . | AC3: . | AD3: . | AE3: . | AF3: . | AG3: =B3*IBGE_2!AG$3/100 -> 0.0797818 | AH3: =B3*IBGE_2!AH$3/100 -> 0.005194 | AI3: =B3*IBGE_2!AI$3/100 -> 282 | AJ3: =B3*IBGE_2!AJ$3/100 -> 0.4469682 | AK3: . | AL3: . | AM3: .
A4: MILHO (EM GRAO) CRU(A) | B4: 100 | C4: =B4*IBGE_2!C$4/100 -> 160.141 | D4: =B4*IBGE_2!D$4/100 -> 3.32 | E4: =B4*IBGE_2!E$4/100 -> 7.178 | F4: =B4*IBGE_2!F$4/100 -> 1.12 | G4: =B4*IBGE_2!G$4/100 -> 1.718 | H4: =B4*IBGE_2!H$4/100 -> 4.009 | I4: =B4*IBGE_2!I$4/100 -> 3.591 | J4: =B4*IBGE_2!J$4/100 -> 0.418 | K4: . | L4: =B4*IBGE_2!L$4/100 -> 25.11 | M4: =B4*IBGE_2!M$4/100 -> 4.25 | N4: =B4*IBGE_2!N$4/100 -> 3.152 | O4: =B4*IBGE_2!O$4/100 -> 26.006 | P4: =B4*IBGE_2!P$4/100 -> 0.159 | Q4: =B4*IBGE_2!Q$4/100 -> 75 | R4: =B4*IBGE_2!R$4/100 -> 0.445 | S4: =B4*IBGE_2!S$4/100 -> 244.964 | T4: =B4*IBGE_2!T$4/100 -> 212.051 | U4: =B4*IBGE_2!U$4/100 -> 0.047 | V4: =B4*IBGE_2!V$4/100 -> 0.611 | W4: . | X4: =B4*IBGE_2!X$4/100 -> 0.215 | Y4: =B4*IBGE_2!Y4/100 -> 0.072 | Z4: =B4*IBGE_2!Z$4/100 -> 0.06 | AA4: =B4*IBGE_2!AA$4/100 -> 1.614 | AB4: =B4*IBGE_2!AB$4/100 -> 6.2 | AC4: =B4*IBGE_2!AC$4/100 -> 1.997 | AD4: . | AE4: =B4*IBGE_2!AE$4/100 -> 46 | AF4: . | AG4: =B4*IBGE_2!AG$4/100 -> 0.572 | AH4: =B4*IBGE_2!AH$4/100 -> 0.031 | AI4: =B4*IBGE_2!AI$4/100 -> 245 | AJ4: =B4*IBGE_2!AJ$4/100 -> 2.904 | AK4: =B4*IBGE_2!AK$4/100 -> 13.167 | AL4: =B4*IBGE_2!AL$4/100 -> 3.16 | AM4: .
A5: MILHO (EM GRAO) COZIDO(A) | B5: 100 | C5: =B5*IBGE_2!C$5/100 -> 160.141 | D5: =B5*IBGE_2!D$5/100 -> 3.32 | E5: =B5*IBGE_2!E$5/100 -> 7.178 | F5: =B5*IBGE_2!F$5/100 -> 1.12 | G5: =B5*IBGE_2!G$5/100 -> 1.718 | H5: =B5*IBGE_2!H$5/100 -> 4.009 | I5: =B5*IBGE_2!I$5/100 -> 3.591 | J5: =B5*IBGE_2!J$5/100 -> 0.418 | K5: . | L5: =B5*IBGE_2!L$5/100 -> 25.11 | M5: =B5*IBGE_2!M$5/100 -> 4.25 | N5: =B5*IBGE_2!N$5/100 -> 3.152 | O5: =B5*IBGE_2!O$5/100 -> 26.006 | P5: =B5*IBGE_2!P$5/100 -> 0.159 | Q5: =B5*IBGE_2!Q$5/100 -> 75 | R5: =B5*IBGE_2!R$5/100 -> 0.445 | S5: =B5*IBGE_2!S$5/100 -> 244.964 | T5: =B5*IBGE_2!T$5/100 -> 212.051 | U5: =B5*IBGE_2!U$5/100 -> 0.047 | V5: =B5*IBGE_2!V$5/100 -> 0.611 | W5: . | X5: =B5*IBGE_2!X$5/100 -> 0.215 | Y5: =B5*IBGE_2!Y$5/100 -> 0.072 | Z5: =B5*IBGE_2!Z$5/100 -> 0.06 | AA5: =B5*IBGE_2!AA$5/100 -> 1.614 | AB5: =B5*IBGE_2!AB$5/100 -> 6.2 | AC5: =B5*IBGE_2!AC$5/100 -> 1.997 | AD5: . | AE5: =B5*IBGE_2!AE$5/100 -> 46 | AF5: . | AG5: =B5*IBGE_2!AG$5/100 -> 0.572 | AH5: =B5*IBGE_2!AH$5/100 -> 0.031 | AI5: =B5*IBGE_2!AI$5/100 -> 245 | AJ5: =B5*IBGE_2!AJ$5/100 -> 2.904 | AK5: =B5*IBGE_2!AK$5/100 -> 13.167 | AL5: =B5*IBGE_2!AL$5/100 -> 3.16 | AM5: .
A6: MILHO (EM GRAO) GRELHADO(A)/BRASA/CHURRASCO | B6: 100 | C6: =B6*IBGE_2!C$6/100 -> 160.141 | D6: =B6*IBGE_2!D$6/100 -> 3.32 | E6: =B6*IBGE_2!E$6/100 -> 7.178 | F6: =B6*IBGE_2!F$6/100 -> 1.12 | G6: =B6*IBGE_2!G$6/100 -> 1.718 | H6: =B6*IBGE_2!H$6/100 -> 4.009 | I6: =B6*IBGE_2!I$6/100 -> 3.591 | J6: =B6*IBGE_2!J$6/100 -> 0.418 | K6: . | L6: =B6*IBGE_2!L$6/100 -> 25.11 | M6: =B6*IBGE_2!M$6/100 -> 4.25 | N6: =B6*IBGE_2!N$6/100 -> 3.152 | O6: =B6*IBGE_2!O$6/100 -> 26.006 | P6: =B6*IBGE_2!P$6/100 -> 0.159 | Q6: =B6*IBGE_2!Q$6/100 -> 75 | R6: =B6*IBGE_2!R$6/100 -> 0.445 | S6: =B6*IBGE_2!S$6/100 -> 244.964 | T6: =B6*IBGE_2!T$6/100 -> 212.051 | U6: =B6*IBGE_2!U$6/100 -> 0.047 | V6: =B6*IBGE_2!V$6/100 -> 0.611 | W6: . | X6: =B6*IBGE_2!X$6/100 -> 0.215 | Y6: =B6*IBGE_2!Y$6/100 -> 0.072 | Z6: =B6*IBGE_2!Z$6/100 -> 0.06 | AA6: =B6*IBGE_2!AA$6/100 -> 1.614 | AB6: =B6*IBGE_2!AB$6/100 -> 6.2 | AC6: =B6*IBGE_2!AC$6/100 -> 1.997 | AD6: . | AE6: =B6*IBGE_2!AE$6/100 -> 46 | AF6: . | AG6: =B6*IBGE_2!AG$6/100 -> 0.572 | AH6: =B6*IBGE_2!AH$6/100 -> 0.031 | AI6: =B6*IBGE_2!AI$6/100 -> 245 | AJ6: =B6*IBGE_2!AJ$6/100 -> 2.904 | AK6: =B6*IBGE_2!AK$6/100 -> 13.167 | AL6: =B6*IBGE_2!AL$6/100 -> 3.16 | AM6: .
A7: MILHO (EM GRAO) ASSADO(A) | B7: 100 | C7: =B7*IBGE_2!C$7/100 -> 160.141 | D7: =B7*IBGE_2!D$7/100 -> 3.32 | E7: =B7*IBGE_2!E$7/100 -> 7.178 | F7: =B7*IBGE_2!F$7/100 -> 1.12 | G7: =B7*IBGE_2!G$7/100 -> 1.718 | H7: =B7*IBGE_2!H$7/100 -> 4.009 | I7: =B7*IBGE_2!I$7/100 -> 3.591 | J7: =B7*IBGE_2!J$7/100 -> 0.418 | K7: . | L7: =B7*IBGE_2!L$7/100 -> 25.11 | M7: =B7*IBGE_2!M$7/100 -> 4.25 | N7: =B7*IBGE_2!N$7/100 -> 3.152 | O7: =B7*IBGE_2!O$7/100 -> 26.006 | P7: =B7*IBGE_2!P$7/100 -> 0.159 | Q7: =B7*IBGE_2!Q$7/100 -> 75 | R7: =B7*IBGE_2!R$7/100 -> 0.445 | S7: =B7*IBGE_2!S$7/100 -> 244.964 | T7: =B7*IBGE_2!T$7/100 -> 212.051 | U7: =B7*IBGE_2!U$7/100 -> 0.047 | V7: =B7*IBGE_2!V$7/100 -> 0.611 | W7: . | X7: =B7*IBGE_2!X$7/100 -> 0.215 | Y7: =B7*IBGE_2!Y$7/100 -> 0.072 | Z7: =B7*IBGE_2!Z$7/100 -> 0.06 | AA7: =B7*IBGE_2!AA$7/100 -> 1.614 | AB7: =B7*IBGE_2!AB$7/100 -> 6.2 | AC7: =B7*IBGE_2!AC$7/100 -> 1.997 | AD7: . | AE7: =B7*IBGE_2!AE$7/100 -> 46 | AF7: . | AG7: =B7*IBGE_2!AG$7/100 -> 0.572 | AH7: =B7*IBGE_2!AH$7/100 -> 0.031 | AI7: =B7*IBGE_2!AI$7/100 -> 245 | AJ7: =B7*IBGE_2!AJ$7/100 -> 2.904 | AK7: =B7*IBGE_2!AK$7/100 -> 13.167 | AL7: =B7*IBGE_2!AL$7/100 -> 3.16 | AM7: .
A8: MILHO (EM GRAO) REFOGADO(A) | B8: 100 | C8: =B8*IBGE_2!C$8/100 -> 160.141 | D8: =B8*IBGE_2!D$8/100 -> 3.32 | E8: =B8*IBGE_2!E$8/100 -> 7.178 | F8: =B8*IBGE_2!F$8/100 -> 1.12 | G8: =B8*IBGE_2!G$8/100 -> 1.718 | H8: =B8*IBGE_2!H$8/100 -> 4.009 | I8: =B8*IBGE_2!I$8/100 -> 3.591 | J8: =B8*IBGE_2!J$8/100 -> 0.418 | K8: . | L8: =B8*IBGE_2!L$8/100 -> 25.11 | M8: =B8*IBGE_2!M$8/100 -> 4.25 | N8: =B8*IBGE_2!N$8/100 -> 3 | O8: =B8*IBGE_2!O$8/100 -> 26 | P8: =B8*IBGE_2!P$8/100 -> 0.158 | Q8: =B8*IBGE_2!Q$8/100 -> 75 | R8: =B8*IBGE_2!R$8/100 -> 0.443 | S8: . | T8: =B8*IBGE_2!T$8/100 -> 212 | U8: =B8*IBGE_2!U$8/100 -> 0.047 | V8: =B8*IBGE_2!V$8/100 -> 0.611 | W8: . | X8: =B8*IBGE_2!X$8/100 -> 0.215 | Y8: =B8*IBGE_2!Y$8/100 -> 0.072 | Z8: =B8*IBGE_2!Z$8/100 -> 0.06 | AA8: =B8*IBGE_2!AA$8/100 -> 1.614 | AB8: =B8*IBGE_2!AB$8/100 -> 6.2 | AC8: =B8*IBGE_2!AC$8/100 -> 1.997 | AD8: . | AE8: =B8*IBGE_2!AE$8/100 -> 46 | AF8: . | AG8: =B8*IBGE_2!AG$8/100 -> 0.572 | AH8: =B8*IBGE_2!AH$8/100 -> 0.031 | AI8: =B8*IBGE_2!AI$8/100 -> 245 | AJ8: =B8*IBGE_2!AJ$8/100 -> 2.903 | AK8: =B8*IBGE_2!AK$8/100 -> 13.167 | AL8: =B8*IBGE_2!AL$8/100 -> 3.16 | AM8: .
A9: MILHO (EM GRAO) ENSOPADO | B9: 100 | C9: =B9*IBGE_2!C$9/100 -> 160.141 | D9: =B9*IBGE_2!D$9/100 -> 3.32 | E9: =B9*IBGE_2!E$9/100 -> 7.178 | F9: =B9*IBGE_2!F$9/100 -> 1.12 | G9: =B9*IBGE_2!G$9/100 -> 1.718 | H9: =B9*IBGE_2!H$9/100 -> 4.009 | I9: =B9*IBGE_2!I$9/100 -> 3.591 | J9: =B9*IBGE_2!J$9/100 -> 0.418 | K9: . | L9: =B9*IBGE_2!L$9/100 -> 25.11 | M9: =B9*IBGE_2!M$9/100 -> 4.25 | N9: =B9*IBGE_2!N$9/100 -> 3 | O9: =B9*IBGE_2!O$9/100 -> 26 | P9: =B9*IBGE_2!P$9/100 -> 0.158 | Q9: =B9*IBGE_2!Q$9/100 -> 75 | R9: =B9*IBGE_2!R$9/100 -> 0.443 | S9: . | T9: =B9*IBGE_2!T$9/100 -> 212 | U9: =B9*IBGE_2!U$9/100 -> 0.047 | V9: =B9*IBGE_2!V$9/100 -> 0.611 | W9: . | X9: =B9*IBGE_2!X$9/100 -> 0.215 | Y9: =B9*IBGE_2!Y$9/100 -> 0.072 | Z9: =B9*IBGE_2!Z$9/100 -> 0.06 | AA9: =B9*IBGE_2!AA$9/100 -> 1.614 | AB9: =B9*IBGE_2!AB$9/100 -> 6.2 | AC9: =B9*IBGE_2!AC$9/100 -> 1.997 | AD9: . | AE9: =B9*IBGE_2!AE$9/100 -> 46 | AF9: . | AG9: =B9*IBGE_2!AG$9/100 -> 0.572 | AH9: =B9*IBGE_2!AH$9/100 -> 0.031 | AI9: =B9*IBGE_2!AI$9/100 -> 245 | AJ9: =B9*IBGE_2!AJ$9/100 -> 2.903 | AK9: =B9*IBGE_2!AK$9/100 -> 13.167 | AL9: =B9*IBGE_2!AL$9/100 -> 3.16 | AM9: .
A10: MILHO (EM GRAO) | B10: 100 | C10: =B10*IBGE_2!C$10/100 -> 160.141 | D10: =B10*IBGE_2!D$10/100 -> 3.32 | E10: =B10*IBGE_2!E$10/100 -> 7.178 | F10: =B10*IBGE_2!F$10/100 -> 1.12 | G10: =B10*IBGE_2!G$10/100 -> 1.718 | H10: =B10*IBGE_2!H$10/100 -> 4.009 | I10: =B10*IBGE_2!I$10/100 -> 3.591 | J10: =B10*IBGE_2!J$10/100 -> 0.418 | K10: . | L10: =B10*IBGE_2!L$10/100 -> 25.11 | M10: =B10*IBGE_2!M$10/100 -> 4.25 | N10: =B10*IBGE_2!N$10/100 -> 3.152 | O10: =B10*IBGE_2!O$10/100 -> 26.006 | P10: =B10*IBGE_2!P$10/100 -> 0.159 | Q10: =B10*IBGE_2!Q$10/100 -> 75 | R10: =B10*IBGE_2!R$10/100 -> 0.445 | S10: =B10*IBGE_2!S$10/100 -> 244.964 | T10: =B10*IBGE_2!T$10/100 -> 212.051 | U10: =B10*IBGE_2!U$10/100 -> 0.047 | V10: =B10*IBGE_2!V$10/100 -> 0.611 | W10: . | X10: =B10*IBGE_2!X$10/100 -> 0.215 | Y10: =B10*IBGE_2!Y$10/100 -> 0.072 | Z10: =B10*IBGE_2!Z$10/100 -> 0.06 | AA10: =B10*IBGE_2!AA$10/100 -> 1.614 | AB10: =B10*IBGE_2!AB$10/100 -> 6.2 | AC10: =B10*IBGE_2!AC$10/100 -> 1.997 | AD10: . | AE10: =B10*IBGE_2!AE$10/100 -> 46 | AF10: . | AG10: =B10*IBGE_2!AG$10/100 -> 0.572 | AH10: =B10*IBGE_2!AH$10/100 -> 0.031 | AI10: =B10*IBGE_2!AI$10/100 -> 245 | AJ10: =B10*IBGE_2!AJ$10/100 -> 2.904 | AK10: =B10*IBGE_2!AK$10/100 -> 13.167 | AL10: =B10*IBGE_2!AL$10/100 -> 3.16 | AM10: .
A11: CANJIQUINHA DE MILHO EM GRAOCRU(A) | B11: 100 | C11: =B11*IBGE_2!C$11/100 -> 79.68 | D11: =B11*IBGE_2!D$11/100 -> 1.237 | E11: =B11*IBGE_2!E$11/100 -> 2.198 | F11: =B11*IBGE_2!F$11/100 -> 0.329 | G11: =B11*IBGE_2!G$11/100 -> 0.49 | H11: =B11*IBGE_2!H$11/100 -> 1.218 | I11: =B11*IBGE_2!I$11/100 -> 1.086 | J11: =B11*IBGE_2!J$11/100 -> 0.132 | K11: . | L11: =B11*IBGE_2!L$11/100 -> 13.503 | M11: =B11*IBGE_2!M$11/100 -> 0.672 | N11: =B11*IBGE_2!N$11/100 -> 3.451 | O11: =B11*IBGE_2!O$11/100 -> 6.928 | P11: =B11*IBGE_2!P$11/100 -> 0.031 | Q11: =B11*IBGE_2!Q$11/100 -> 17.913 | R11: =B11*IBGE_2!R$11/100 -> 0.739 | S11: =B11*IBGE_2!S$11/100 -> 131.499 | T11: =B11*IBGE_2!T$11/100 -> 25.957 | U11: =B11*IBGE_2!U$11/100 -> 0.023 | V11: =B11*IBGE_2!V$11/100 -> 0.131 | W11: . | X11: =B11*IBGE_2!X$11/100 -> 0.105 | Y11: =B11*IBGE_2!Y$11/100 -> 0.071 | Z11: =B11*IBGE_2!Z$11/100 -> 0.034 | AA11: =B11*IBGE_2!AA$11/100 -> 0.906 | AB11: . | AC11: =B11*IBGE_2!AC$11/100 -> 1.017 | AD11: . | AE11: =B11*IBGE_2!AE$11/100 -> 20.813 | AF11: . | AG11: =B11*IBGE_2!AG$11/100 -> 0.182 | AH11: =B11*IBGE_2!AH$11/100 -> 0.01 | AI11: =B11*IBGE_2!AI$11/100 -> 126 | AJ11: =B11*IBGE_2!AJ$11/100 -> 2.847 | AK11: =B11*IBGE_2!AK$11/100 -> 1.827 | AL11: =B11*IBGE_2!AL$11/100 -> 0.285 | AM11: .
A12: CANJIQUINHA DE MILHO EM GRAOCOZIDO(A) | B12: 100 | C12: =B12*IBGE_2!C$12/100 -> 62.952 | D12: =B12*IBGE_2!D$12/100 -> 1.237 | E12: =B12*IBGE_2!E$12/100 -> 0.305 | F12: =B12*IBGE_2!F$12/100 -> 0.033 | G12: =B12*IBGE_2!G$12/100 -> 0.059 | H12: =B12*IBGE_2!H$12/100 -> 0.125 | I12: =B12*IBGE_2!I$12/100 -> 0.122 | J12: =B12*IBGE_2!J$12/100 -> 0.003 | K12: . | L12: =B12*IBGE_2!L$12/100 -> 13.503 | M12: =B12*IBGE_2!M$12/100 -> 0.672 | N12: =B12*IBGE_2!N$12/100 -> 3.373 | O12: =B12*IBGE_2!O$12/100 -> 6.925 | P12: =B12*IBGE_2!P$12/100 -> 0.031 | Q12: =B12*IBGE_2!Q$12/100 -> 17.913 | R12: =B12*IBGE_2!R$12/100 -> 0.737 | S12: =B12*IBGE_2!S$12/100 -> 5.009 | T12: =B12*IBGE_2!T$12/100 -> 25.931 | U12: =B12*IBGE_2!U$12/100 -> 0.023 | V12: =B12*IBGE_2!V$12/100 -> 0.131 | W12: . | X12: =B12*IBGE_2!X$12/100 -> 0.105 | Y12: =B12*IBGE_2!Y$12/100 -> 0.071 | Z12: =B12*IBGE_2!Z$12/100 -> 0.034 | AA12: =B12*IBGE_2!AA$12/100 -> 0.906 | AB12: . | AC12: =B12*IBGE_2!AC$12/100 -> 1.017 | AD12: . | AE12: =B12*IBGE_2!AE$12/100 -> 20.813 | AF12: . | AG12: =B12*IBGE_2!AG$12/100 -> 0.027 | AH12: . | AI12: =B12*IBGE_2!AI$12/100 -> 126 | AJ12: =B12*IBGE_2!AJ$12/100 -> 1.979 | AK12: =B12*IBGE_2!AK$12/100 -> 1.827 | AL12: =B12*IBGE_2!AL$12/100 -> 0.285 | AM12: .
A13: CANJIQUINHA DE MILHO EM GRAOENSOPADO | B13: 100 | C13: =B13*IBGE_2!C$13/100 -> 79.68 | D13: =B13*IBGE_2!D$13/100 -> 1.237 | E13: =B13*IBGE_2!E$13/100 -> 2.198 | F13: =B13*IBGE_2!F$13/100 -> 0.329 | G13: =B13*IBGE_2!G$13/100 -> 0.49 | H13: =B13*IBGE_2!H$13/100 -> 1.218 | I13: =B13*IBGE_2!I$13/100 -> 1.086 | J13: =B13*IBGE_2!J$13/100 -> 0.132 | K13: . | L13: =B13*IBGE_2!L$13/100 -> 13.503 | M13: =B13*IBGE_2!M$13/100 -> 0.672 | N13: =B13*IBGE_2!N$13/100 -> 3.373 | O13: =B13*IBGE_2!O$13/100 -> 6.925 | P13: =B13*IBGE_2!P$13/100 -> 0.031 | Q13: =B13*IBGE_2!Q$13/100 -> 17.913 | R13: =B13*IBGE_2!R$13/100 -> 0.738 | S13: =B13*IBGE_2!S$13/100 -> 5.009 | T13: =B13*IBGE_2!T$13/100 -> 25.931 | U13: =B13*IBGE_2!U$13/100 -> 0.023 | V13: =B13*IBGE_2!V$13/100 -> 0.131 | W13: . | X13: =B13*IBGE_2!X$13/100 -> 0.105 | Y13: =B13*IBGE_2!Y$13/100 -> 0.071 | Z13: =B13*IBGE_2!Z$13/100 -> 0.034 | AA13: =B13*IBGE_2!AA$13/100 -> 0.906 | AB13: . | AC13: =B13*IBGE_2!AC$13/100 -> 1.017 | AD13: . | AE13: =B13*IBGE_2!AE$13/100 -> 20.813 | AF13: . | AG13: =B13*IBGE_2!AG$13/100 -> 0.182 | AH13: =B13*IBGE_2!AH$13/100 -> 0.01 | AI13: =B13*IBGE_2!AI$13/100 -> 126 | AJ13: =B13*IBGE_2!AJ$13/100 -> 2.846 | AK13: =B13*IBGE_2!AK$13/100 -> 1.827 | AL13: =B13*IBGE_2!AL$13/100 -> 0.285 | AM13: .
A14: CANJIQUINHA DE MILHO EM GRAOMINGAU | B14: 100 | C14: =B14*IBGE_2!C$14/100 -> 62.952 | D14: =B14*IBGE_2!D$14/100 -> 1.237 | E14: =B14*IBGE_2!E$14/100 -> 0.305 | F14: =B14*IBGE_2!F$14/100 -> 0.033 | G14: =B14*IBGE_2!G$14/100 -> 0.059 | H14: =B14*IBGE_2!H$14/100 -> 0.125 | I14: =B14*IBGE_2!I$14/100 -> 0.122 | J14: =B14*IBGE_2!J$14/100 -> 0.003 | K14: . | L14: =B14*IBGE_2!L$14/100 -> 13.503 | M14: =B14*IBGE_2!M$14/100 -> 0.672 | N14: =B14*IBGE_2!N$14/100 -> 3.373 | O14: =B14*IBGE_2!O$14/100 -> 6.925 | P14: =B14*IBGE_2!P$14/100 -> 0.031 | Q14: =B14*IBGE_2!Q$14/100 -> 17.913 | R14: =B14*IBGE_2!R$14/100 -> 0.737 | S14: =B14*IBGE_2!S$14/100 -> 5.009 | T14: =B14*IBGE_2!T$14/100 -> 25.931 | U14: =B14*IBGE_2!U$14/100 -> 0.023 | V14: =B14*IBGE_2!V$14/100 -> 0.131 | W14: . | X14: =B14*IBGE_2!X$14/100 -> 0.105 | Y14: =B14*IBGE_2!Y$14/100 -> 0.071 | Z14: =B14*IBGE_2!Z$14/100 -> 0.034 | AA14: =B14*IBGE_2!AA$14/100 -> 0.906 | AB14: . | AC14: =B14*IBGE_2!AC$14/100 -> 1.017 | AD14: . | AE14: =B14*IBGE_2!AE$14/100 -> 20.813 | AF14: . | AG14: =B14*IBGE_2!AG$14/100 -> 0.027 | AH14: . | AI14: =B14*IBGE_2!AI$14/100 -> 126 | AJ14: =B14*IBGE_2!AJ$14/100 -> 1.979 | AK14: =B14*IBGE_2!AK$14/100 -> 1.827 | AL14: =B14*IBGE_2!AL$14/100 -> 0.285 | AM14: .
A15: CANJIQUINHA DE MILHO EM GRAOSOPA | B15: 100 | C15: =B15*IBGE_2!C$15/100 -> 31.443 | D15: =B15*IBGE_2!D$15/100 -> 0.948 | E15: =B15*IBGE_2!E$15/100 -> 0.123 | F15: =B15*IBGE_2!F$15/100 -> 0.039 | G15: =B15*IBGE_2!G$15/100 -> 0.027 | H15: =B15*IBGE_2!H$15/100 -> 0.032 | I15: =B15*IBGE_2!I$15/100 -> 0.027 | J15: =B15*IBGE_2!J$15/100 -> 0.005 | K15: . | L15: =B15*IBGE_2!L$15/100 -> 7.012 | M15: =B15*IBGE_2!M$15/100 -> 0.711 | N15: =B15*IBGE_2!N$15/100 -> 8.555 | O15: =B15*IBGE_2!O$15/100 -> 6.347 | P15: =B15*IBGE_2!P$15/100 -> 0.068 | Q15: =B15*IBGE_2!Q$15/100 -> 15.762 | R15: =B15*IBGE_2!R$15/100 -> 0.285 | S15: =B15*IBGE_2!S$15/100 -> 310.432 | T15: =B15*IBGE_2!T$15/100 -> 88.315 | U15: =B15*IBGE_2!U$15/100 -> 0.039 | V15: =B15*IBGE_2!V$15/100 -> 0.115 | W15: . | X15: =B15*IBGE_2!X$15/100 -> 0.03 | Y15: =B15*IBGE_2!Y$15/100 -> 0.026 | Z15: =B15*IBGE_2!Z$15/100 -> 0.04 | AA15: =B15*IBGE_2!AA$15/100 -> 0.505 | AB15: =B15*IBGE_2!AB$15/100 -> 2.099 | AC15: =B15*IBGE_2!AC$15/100 -> 0.667 | AD15: =B15*IBGE_2!AD$15/100 -> 0.015 | AE15: =B15*IBGE_2!AE$15/100 -> 9.276 | AF15: . | AG15: =B15*IBGE_2!AG$15/100 -> 0.204 | AH15: =B15*IBGE_2!AH$15/100 -> 0.002 | AI15: . | AJ15: =B15*IBGE_2!AJ$15/100 -> 1.344 | AK15: =B15*IBGE_2!AK$15/100 -> 33.476 | AL15: =B15*IBGE_2!AL$15/100 -> 3.275 | AM15: =B15*IBGE_2!AM$15/100 -> 2.523
A16: CANJIQUINHA DE MILHO EM GRAO | B16: 100 | C16: =B16*IBGE_2!C$16/100 -> 62.952 | D16: =B16*IBGE_2!D$16/100 -> 1.237 | E16: =B16*IBGE_2!E$16/100 -> 0.305 | F16: =B16*IBGE_2!F$16/100 -> 0.033 | G16: =B16*IBGE_2!G$16/100 -> 0.059 | H16: =B16*IBGE_2!H$16/100 -> 0.125 | I16: =B16*IBGE_2!I$16/100 -> 0.122 | J16: =B16*IBGE_2!J$16/100 -> 0.003 | K16: . | L16: =B16*IBGE_2!L$16/100 -> 13.503 | M16: =B16*IBGE_2!M$16/100 -> 0.672 | N16: =B16*IBGE_2!N$16/100 -> 3.373 | O16: =B16*IBGE_2!O$16/100 -> 6.925 | P16: =B16*IBGE_2!P$16/100 -> 0.031 | Q16: =B16*IBGE_2!Q$16/100 -> 17.913 | R16: =B16*IBGE_2!R$16/100 -> 0.737 | S16: =B16*IBGE_2!S$16/100 -> 5.009 | T16: =B16*IBGE_2!T$16/100 -> 25.931 | U16: =B16*IBGE_2!U$16/100 -> 0.023 | V16: =B16*IBGE_2!V$16/100 -> 0.131 | W16: . | X16: =B16*IBGE_2!X$16/100 -> 0.105 | Y16: =B16*IBGE_2!Y$16/100 -> 0.071 | Z16: =B16*IBGE_2!Z$16/100 -> 0.034 | AA16: =B16*IBGE_2!AA$16/100 -> 0.906 | AB16: . | AC16: =B16*IBGE_2!AC$16/100 -> 1.017 | AD16: . | AE16: =B16*IBGE_2!AE$16/100 -> 20.813 | AF16: . | AG16: =B16*IBGE_2!AG$16/100 -> 0.027 | AH16: . | AI16: =B16*IBGE_2!AI$16/100 -> 126 | AJ16: =B16*IBGE_2!AJ$16/100 -> 1.979 | AK16: =B16*IBGE_2!AK$16/100 -> 1.827 | AL16: =B16*IBGE_2!AL$16/100 -> 0.285 | AM16: .
A17: XEREM DE MILHO | B17: 100 | C17: =B17*IBGE_2!C$17/100 -> 62.952 | D17: =B17*IBGE_2!D$17/100 -> 1.237 | E17: =B17*IBGE_2!E$17/100 -> 0.305 | F17: =B17*IBGE_2!F$17/100 -> 0.033 | G17: =B17*IBGE_2!G$17/100 -> 0.059 | H17: =B17*IBGE_2!H$17/100 -> 0.125 | I17: =B17*IBGE_2!I$17/100 -> 0.122 | J17: =B17*IBGE_2!J$17/100 -> 0.003 | K17: . | L17: =B17*IBGE_2!L$17/100 -> 13.503 | M17: =B17*IBGE_2!M$17/100 -> 0.672 | N17: =B17*IBGE_2!N$17/100 -> 3.373 | O17: =B17*IBGE_2!O$17/100 -> 6.925 | P17: =B17*IBGE_2!P$17/100 -> 0.031 | Q17: =B17*IBGE_2!Q$17/100 -> 17.913 | R17: =B17*IBGE_2!R$17/100 -> 0.737 | S17: =B17*IBGE_2!S$17/100 -> 5.009 | T17: =B17*IBGE_2!T$17/100 -> 25.931 | U17: =B17*IBGE_2!U$17/100 -> 0.023 | V17: =B17*IBGE_2!V$17/100 -> 0.131 | W17: . | X17: =B17*IBGE_2!X$17/100 -> 0.105 | Y17: =B17*IBGE_2!Y$17/100 -> 0.071 | Z17: =B17*IBGE_2!Z$17/100 -> 0.034 | AA17: =B17*IBGE_2!AA$17/100 -> 0.906 | AB17: . | AC17: =B17*IBGE_2!AC$17/100 -> 1.017 | AD17: . | AE17: =B17*IBGE_2!AE$17/100 -> 20.813 | AF17: . | AG17: =B17*IBGE_2!AG$17/100 -> 0.027 | AH17: . | AI17: =B17*IBGE_2!AI$17/100 -> 126 | AJ17: =B17*IBGE_2!AJ$17/100 -> 1.979 | AK17: =B17*IBGE_2!AK$17/100 -> 1.827 | AL17: =B17*IBGE_2!AL$17/100 -> 0.285 | AM17: .
A18: AMENDOIM (EM GRAO) (IN NATURA) | B18: 100 | C18: =B18*IBGE_2!C$18/100 -> 567 | D18: =B18*IBGE_2!D$18/100 -> 25.8 | E18: =B18*IBGE_2!E$18/100 -> 49.24 | F18: =B18*IBGE_2!F$18/100 -> 6.834 | G18: =B18*IBGE_2!G$18/100 -> 24.429 | H18: =B18*IBGE_2!H$18/100 -> 15.559 | I18: =B18*IBGE_2!I$18/100 -> 15.555 | J18: =B18*IBGE_2!J$18/100 -> 0.003 | K18: . | L18: =B18*IBGE_2!L$18/100 -> 16.13 | M18: =B18*IBGE_2!M$18/100 -> 8.5 | N18: =B18*IBGE_2!N$18/100 -> 92 | O18: =B18*IBGE_2!O$18/100 -> 168 | P18: =B18*IBGE_2!P$18/100 -> 1.934 | Q18: =B18*IBGE_2!Q$18/100 -> 376 | R18: =B18*IBGE_2!R$18/100 -> 4.58 | S18: =B18*IBGE_2!S$18/100 -> 18 | T18: =B18*IBGE_2!T$18/100 -> 705 | U18: =B18*IBGE_2!U$18/100 -> 1.144 | V18: =B18*IBGE_2!V$18/100 -> 3.27 | W18: . | X18: =B18*IBGE_2!X$18/100 -> 0.64 | Y18: =B18*IBGE_2!Y$18/100 -> 0.135 | Z18: =B18*IBGE_2!Z$18/100 -> 0.348 | AA18: =B18*IBGE_2!AA$18/100 -> 12.066 | AB18: . | AC18: =B18*IBGE_2!AC$18/100 -> 16.233 | AD18: . | AE18: =B18*IBGE_2!AE$18/100 -> 240 | AF18: . | AG18: =B18*IBGE_2!AG$18/100 -> 8.33 | AH18: . | AI18: . | AJ18: =B18*IBGE_2!AJ$18/100 -> 7.2 | AK18: . | AL18: =B18*IBGE_2!AL$18/100 -> 4 | AM18: .
A19: ERVILHA EM GRAO | B19: 100 | C19: =B19*IBGE_2!C$19/100 -> 109.093 | D19: =B19*IBGE_2!D$19/100 -> 5.36 | E19: =B19*IBGE_2!E$19/100 -> 3.059 | F19: =B19*IBGE_2!F$19/100 -> 0.483 | G19: =B19*IBGE_2!G$19/100 -> 0.666 | H19: =B19*IBGE_2!H$19/100 -> 1.741 | I19: =B19*IBGE_2!I$19/100 -> 1.528 | J19: =B19*IBGE_2!J$19/100 -> 0.212 | K19: . | L19: =B19*IBGE_2!L$19/100 -> 15.63 | M19: =B19*IBGE_2!M$19/100 -> 5.5 | N19: =B19*IBGE_2!N$19/100 -> 27 | O19: =B19*IBGE_2!O$19/100 -> 39 | P19: =B19*IBGE_2!P$19/100 -> 0.525 | Q19: =B19*IBGE_2!Q$19/100 -> 117 | R19: =B19*IBGE_2!R$19/100 -> 1.541 | S19: =B19*IBGE_2!S$19/100 -> 3 | T19: =B19*IBGE_2!T$19/100 -> 271 | U19: =B19*IBGE_2!U$19/100 -> 0.173 | V19: =B19*IBGE_2!V$19/100 -> 1.19 | W19: . | X19: =B19*IBGE_2!X$19/100 -> 0.259 | Y19: =B19*IBGE_2!Y$19/100 -> 0.149 | Z19: =B19*IBGE_2!Z$19/100 -> 0.216 | AA19: =B19*IBGE_2!AA$19/100 -> 2.021 | AB19: =B19*IBGE_2!AB$19/100 -> 14.2 | AC19: =B19*IBGE_2!AC$19/100 -> 2.638 | AD19: . | AE19: =B19*IBGE_2!AE$19/100 -> 63 | AF19: . | AG19: =B19*IBGE_2!AG$19/100 -> 0.372 | AH19: =B19*IBGE_2!AH$19/100 -> 0.015 | AI19: =B19*IBGE_2!AI$19/100 -> 236 | AJ19: =B19*IBGE_2!AJ$19/100 -> 3.201 | AK19: =B19*IBGE_2!AK$19/100 -> 40.083 | AL19: =B19*IBGE_2!AL$19/100 -> 5.94 | AM19: .
A20: FAVA (EM GRAO) | B20: 100 | C20: =B20*IBGE_2!C$20/100 -> 85.617 | D20: =B20*IBGE_2!D$20/100 -> 4.8 | E20: =B20*IBGE_2!E$20/100 -> 3.172 | F20: =B20*IBGE_2!F$20/100 -> 0.56 | G20: =B20*IBGE_2!G$20/100 -> 0.629 | H20: =B20*IBGE_2!H$20/100 -> 1.846 | I20: =B20*IBGE_2!I$20/100 -> 1.482 | J20: =B20*IBGE_2!J$20/100 -> 0.363 | K20: . | L20: =B20*IBGE_2!L$20/100 -> 10.1 | M20: =B20*IBGE_2!M$20/100 -> 3.6 | N20: =B20*IBGE_2!N$20/100 -> 18 | O20: =B20*IBGE_2!O$20/100 -> 31 | P20: =B20*IBGE_2!P$20/100 -> 0.261 | Q20: =B20*IBGE_2!Q$20/100 -> 73 | R20: =B20*IBGE_2!R$20/100 -> 1.501 | S20: =B20*IBGE_2!S$20/100 -> 41 | T20: =B20*IBGE_2!T$20/100 -> 193 | U20: =B20*IBGE_2!U$20/100 -> 0.06 | V20: =B20*IBGE_2!V$20/100 -> 0.47 | W20: . | X20: =B20*IBGE_2!X$20/100 -> 0.128 | Y20: =B20*IBGE_2!Y$20/100 -> 0.09 | Z20: =B20*IBGE_2!Z$20/100 -> 0.029 | AA20: =B20*IBGE_2!AA$20/100 -> 1.2 | AB20: =B20*IBGE_2!AB$20/100 -> 19.8 | AC20: =B20*IBGE_2!AC$20/100 -> 2 | AD20: . | AE20: =B20*IBGE_2!AE$20/100 -> 58 | AF20: . | AG20: =B20*IBGE_2!AG$20/100 -> 0.336 | AH20: =B20*IBGE_2!AH$20/100 -> 0.014 | AI20: =B20*IBGE_2!AI$20/100 -> 222 | AJ20: =B20*IBGE_2!AJ$20/100 -> 2.224 | AK20: =B20*IBGE_2!AK$20/100 -> 18.833 | AL20: =B20*IBGE_2!AL$20/100 -> 1.235 | AM20: .
A21: MANGALO AMARGO EM GRAO | B21: 100 | C21: =B21*IBGE_2!C$21/100 -> 85.617 | D21: =B21*IBGE_2!D$21/100 -> 4.8 | E21: =B21*IBGE_2!E$21/100 -> 3.172 | F21: =B21*IBGE_2!F$21/100 -> 0.56 | G21: =B21*IBGE_2!G$21/100 -> 0.629 | H21: =B21*IBGE_2!H$21/100 -> 1.846 | I21: =B21*IBGE_2!I$21/100 -> 1.482 | J21: =B21*IBGE_2!J$21/100 -> 0.363 | K21: . | L21: =B21*IBGE_2!L$21/100 -> 10.1 | M21: =B21*IBGE_2!M$21/100 -> 3.6 | N21: =B21*IBGE_2!N$21/100 -> 18 | O21: =B21*IBGE_2!O$21/100 -> 31 | P21: =B21*IBGE_2!P$21/100 -> 0.261 | Q21: =B21*IBGE_2!Q$21/100 -> 73 | R21: =B21*IBGE_2!R$21/100 -> 1.501 | S21: =B21*IBGE_2!S$21/100 -> 41 | T21: =B21*IBGE_2!T$21/100 -> 193 | U21: =B21*IBGE_2!U$21/100 -> 0.06 | V21: =B21*IBGE_2!V$21/100 -> 0.47 | W21: . | X21: =B21*IBGE_2!X$21/100 -> 0.128 | Y21: =B21*IBGE_2!Y$21/100 -> 0.09 | Z21: =B21*IBGE_2!Z$21/100 -> 0.029 | AA21: =B21*IBGE_2!AA$21/100 -> 1.2 | AB21: =B21*IBGE_2!AB$21/100 -> 19.8 | AC21: =B21*IBGE_2!AC$21/100 -> 2 | AD21: . | AE21: =B21*IBGE_2!AE$21/100 -> 58 | AF21: . | AG21: =B21*IBGE_2!AG$21/100 -> 0.336 | AH21: =B21*IBGE_2!AH$21/100 -> 0.014 | AI21: =B21*IBGE_2!AI$21/100 -> 222 | AJ21: =B21*IBGE_2!AJ$21/100 -> 2.224 | AK21: =B21*IBGE_2!AK$21/100 -> 18.833 | AL21: =B21*IBGE_2!AL$21/100 -> 1.235 | AM21: .
A22: FEIJAO DE CORDA | B22: 100 | C22: =B22*IBGE_2!C$22/100 -> 121.332 | D22: =B22*IBGE_2!D$22/100 -> 3.17 | E22: =B22*IBGE_2!E$22/100 -> 3.133 | F22: =B22*IBGE_2!F$22/100 -> 0.527 | G22: =B22*IBGE_2!G$22/100 -> 0.661 | H22: =B22*IBGE_2!H$22/100 -> 1.75 | I22: =B22*IBGE_2!I$22/100 -> 1.495 | J22: =B22*IBGE_2!J$22/100 -> 0.255 | K22: . | L22: =B22*IBGE_2!L$22/100 -> 20.32 | M22: =B22*IBGE_2!M$22/100 -> 5 | N22: =B22*IBGE_2!N$22/100 -> 128 | O22: =B22*IBGE_2!O$22/100 -> 52 | P22: =B22*IBGE_2!P$22/100 -> 0.572 | Q22: =B22*IBGE_2!Q$22/100 -> 51 | R22: =B22*IBGE_2!R$22/100 -> 1.121 | S22: =B22*IBGE_2!S$22/100 -> 4 | T22: =B22*IBGE_2!T$22/100 -> 418 | U22: =B22*IBGE_2!U$22/100 -> 0.133 | V22: =B22*IBGE_2!V$22/100 -> 1.03 | W22: . | X22: =B22*IBGE_2!X$22/100 -> 0.101 | Y22: =B22*IBGE_2!Y$22/100 -> 0.148 | Z22: =B22*IBGE_2!Z$22/100 -> 0.065 | AA22: =B22*IBGE_2!AA$22/100 -> 1.403 | AB22: =B22*IBGE_2!AB$22/100 -> 2.2 | AC22: =B22*IBGE_2!AC$22/100 -> 2.02 | AD22: . | AE22: =B22*IBGE_2!AE$22/100 -> 127 | AF22: . | AG22: =B22*IBGE_2!AG$22/100 -> 0.445 | AH22: =B22*IBGE_2!AH$22/100 -> 0.015 | AI22: =B22*IBGE_2!AI$22/100 -> 229 | AJ22: =B22*IBGE_2!AJ$22/100 -> 3.761 | AK22: =B22*IBGE_2!AK$22/100 -> 39.583 | AL22: =B22*IBGE_2!AL$22/100 -> 0.34 | AM22: .
A23: FEIJAO VERDE | B23: 100 | C23: =B23*IBGE_2!C$23/100 -> 121.332 | D23: =B23*IBGE_2!D$23/100 -> 3.17 | E23: =B23*IBGE_2!E$23/100 -> 3.133 | F23: =B23*IBGE_2!F$23/100 -> 0.527 | G23: =B23*IBGE_2!G$23/100 -> 0.661 | H23: =B23*IBGE_2!H$23/100 -> 1.75 | I23: =B23*IBGE_2!I$23/100 -> 1.495 | J23: =B23*IBGE_2!J$23/100 -> 0.255 | K23: . | L23: =B23*IBGE_2!L$23/100 -> 20.32 | M23: =B23*IBGE_2!M$23/100 -> 5 | N23: =B23*IBGE_2!N$23/100 -> 128 | O23: =B23*IBGE_2!O$23/100 -> 52 | P23: =B23*IBGE_2!P$23/100 -> 0.572 | Q23: =B23*IBGE_2!Q$23/100 -> 51 | R23: =B23*IBGE_2!R$23/100 -> 1.121 | S23: =B23*IBGE_2!S$23/100 -> 4 | T23: =B23*IBGE_2!T$23/100 -> 418 | U23: =B23*IBGE_2!U$23/100 -> 0.133 | V23: =B23*IBGE_2!V$23/100 -> 1.03 | W23: . | X23: =B23*IBGE_2!X$23/100 -> 0.101 | Y23: =B23*IBGE_2!Y$23/100 -> 0.148 | Z23: =B23*IBGE_2!Z$23/100 -> 0.065 | AA23: =B23*IBGE_2!AA$23/100 -> 1.403 | AB23: =B23*IBGE_2!AB$23/100 -> 2.2 | AC23: =B23*IBGE_2!AC$23/100 -> 2.02 | AD23: . | AE23: =B23*IBGE_2!AE$23/100 -> 127 | AF23: . | AG23: =B23*IBGE_2!AG$23/100 -> 0.445 | AH23: =B23*IBGE_2!AH$23/100 -> 0.015 | AI23: =B23*IBGE_2!AI$23/100 -> 229 | AJ23: =B23*IBGE_2!AJ$23/100 -> 3.761 | AK23: =B23*IBGE_2!AK$23/100 -> 39.583 | AL23: =B23*IBGE_2!AL$23/100 -> 0.34 | AM23: .
A24: SEMENTE DE LINHACA | B24: 100 | C24: =B24*IBGE_2!C$24/100 -> 534 | D24: =B24*IBGE_2!D$24/100 -> 18.29 | E24: =B24*IBGE_2!E$24/100 -> 42.16 | F24: =B24*IBGE_2!F$24/100 -> 3.663 | G24: =B24*IBGE_2!G$24/100 -> 7.527 | H24: =B24*IBGE_2!H$24/100 -> 28.73 | I24: =B24*IBGE_2!I$24/100 -> 5.903 | J24: =B24*IBGE_2!J$24/100 -> 22.813 | K24: . | L24: =B24*IBGE_2!L$24/100 -> 28.88 | M24: =B24*IBGE_2!M$24/100 -> 27.3 | N24: =B24*IBGE_2!N$24/100 -> 255 | O24: =B24*IBGE_2!O$24/100 -> 392 | P24: =B24*IBGE_2!P$24/100 -> 2.482 | Q24: =B24*IBGE_2!Q$24/100 -> 642 | R24: =B24*IBGE_2!R$24/100 -> 5.73 | S24: =B24*IBGE_2!S$24/100 -> 30 | T24: =B24*IBGE_2!T$24/100 -> 813 | U24: =B24*IBGE_2!U$24/100 -> 1.22 | V24: =B24*IBGE_2!V$24/100 -> 4.34 | W24: . | X24: =B24*IBGE_2!X$24/100 -> 1.644 | Y24: =B24*IBGE_2!Y$24/100 -> 0.161 | Z24: =B24*IBGE_2!Z$24/100 -> 0.473 | AA24: =B24*IBGE_2!AA$24/100 -> 3.08 | AB24: =B24*IBGE_2!AB$24/100 -> 0.6 | AC24: =B24*IBGE_2!AC$24/100 -> 8.03 | AD24: . | AE24: =B24*IBGE_2!AE$24/100 -> 87 | AF24: . | AG24: =B24*IBGE_2!AG$24/100 -> 0.31 | AH24: . | AI24: . | AJ24: =B24*IBGE_2!AJ$24/100 -> 25.4 | AK24: . | AL24: =B24*IBGE_2!AL$24/100 -> 1.55 | AM24: .
A25: ANDU | B25: 100 | C25: =B25*IBGE_2!C$25/100 -> 97.405 | D25: =B25*IBGE_2!D$25/100 -> 5.838 | E25: =B25*IBGE_2!E$25/100 -> 1.794 | F25: =B25*IBGE_2!F$25/100 -> 0.303 | G25: =B25*IBGE_2!G$25/100 -> 0.38 | H25: =B25*IBGE_2!H$25/100 -> 1.006 | I25: =B25*IBGE_2!I$25/100 -> 0.857 | J25: =B25*IBGE_2!J$25/100 -> 0.149 | K25: . | L25: =B25*IBGE_2!L$25/100 -> 15.054 | M25: =B25*IBGE_2!M$25/100 -> 3.78 | N25: =B25*IBGE_2!N$25/100 -> 55.202 | O25: =B25*IBGE_2!O$25/100 -> 38.201 | P25: =B25*IBGE_2!P$25/100 -> 0.382 | Q25: =B25*IBGE_2!Q$25/100 -> 67.8 | R25: =B25*IBGE_2!R$25/100 -> 2.221 | S25: =B25*IBGE_2!S$25/100 -> 5.203 | T25: =B25*IBGE_2!T$25/100 -> 336.6 | U25: =B25*IBGE_2!U$25/100 -> 0.176 | V25: =B25*IBGE_2!V$25/100 -> 0.832 | W25: . | X25: =B25*IBGE_2!X$25/100 -> 0.071 | Y25: =B25*IBGE_2!Y$25/100 -> 0.028 | Z25: =B25*IBGE_2!Z$25/100 -> 0.056 | AA25: =B25*IBGE_2!AA$25/100 -> 0.084 | AB25: . | AC25: =B25*IBGE_2!AC$25/100 -> 1.234 | AD25: . | AE25: =B25*IBGE_2!AE$25/100 -> 48.6 | AF25: . | AG25: =B25*IBGE_2!AG$25/100 -> 0.694 | AH25: =B25*IBGE_2!AH$25/100 -> 0.008 | AI25: =B25*IBGE_2!AI$25/100 -> 219 | AJ25: =B25*IBGE_2!AJ$25/100 -> 1.506 | AK25: . | AL25: =B25*IBGE_2!AL$25/100 -> 0.3 | AM25: .
A26: GRAO DE BICO | B26: 100 | C26: =B26*IBGE_2!C$26/100 -> 188.481 | D26: =B26*IBGE_2!D$26/100 -> 8.86 | E26: =B26*IBGE_2!E$26/100 -> 5.359 | F26: =B26*IBGE_2!F$26/100 -> 0.702 | G26: =B26*IBGE_2!G$26/100 -> 1.214 | H26: =B26*IBGE_2!H$26/100 -> 2.755 | I26: =B26*IBGE_2!I$26/100 -> 2.524 | J26: =B26*IBGE_2!J$26/100 -> 0.231 | K26: . | L26: =B26*IBGE_2!L$26/100 -> 27.42 | M26: =B26*IBGE_2!M$26/100 -> 7.6 | N26: =B26*IBGE_2!N$26/100 -> 49 | O26: =B26*IBGE_2!O$26/100 -> 48 | P26: =B26*IBGE_2!P$26/100 -> 1.03 | Q26: =B26*IBGE_2!Q$26/100 -> 168 | R26: =B26*IBGE_2!R$26/100 -> 2.891 | S26: =B26*IBGE_2!S$26/100 -> 7 | T26: =B26*IBGE_2!T$26/100 -> 291 | U26: =B26*IBGE_2!U$26/100 -> 0.352 | V26: =B26*IBGE_2!V$26/100 -> 1.53 | W26: . | X26: =B26*IBGE_2!X$26/100 -> 0.116 | Y26: =B26*IBGE_2!Y$26/100 -> 0.063 | Z26: =B26*IBGE_2!Z$26/100 -> 0.139 | AA26: =B26*IBGE_2!AA$26/100 -> 0.526 | AB26: =B26*IBGE_2!AB$26/100 -> 1.3 | AC26: =B26*IBGE_2!AC$26/100 -> 1.943 | AD26: . | AE26: =B26*IBGE_2!AE$26/100 -> 172 | AF26: . | AG26: =B26*IBGE_2!AG$26/100 -> 0.577 | AH26: =B26*IBGE_2!AH$26/100 -> 0.015 | AI26: =B26*IBGE_2!AI$26/100 -> 230 | AJ26: =B26*IBGE_2!AJ$26/100 -> 4.969 | AK26: =B26*IBGE_2!AK$26/100 -> 1.333 | AL26: =B26*IBGE_2!AL$26/100 -> 1.7 | AM26: .
A27: LENTILHA | B27: 100 | C27: =B27*IBGE_2!C$27/100 -> 136.277 | D27: =B27*IBGE_2!D$27/100 -> 9.02 | E27: =B27*IBGE_2!E$27/100 -> 2.674 | F27: =B27*IBGE_2!F$27/100 -> 0.412 | G27: =B27*IBGE_2!G$27/100 -> 0.587 | H27: =B27*IBGE_2!H$27/100 -> 1.499 | I27: =B27*IBGE_2!I$27/100 -> 1.306 | J27: =B27*IBGE_2!J$27/100 -> 0.193 | K27: . | L27: =B27*IBGE_2!L$27/100 -> 20.13 | M27: =B27*IBGE_2!M$27/100 -> 5.86 | N27: =B27*IBGE_2!N$27/100 -> 19 | O27: =B27*IBGE_2!O$27/100 -> 36 | P27: =B27*IBGE_2!P$27/100 -> 0.494 | Q27: =B27*IBGE_2!Q$27/100 -> 180 | R27: =B27*IBGE_2!R$27/100 -> 3.331 | S27: =B27*IBGE_2!S$27/100 -> 2 | T27: =B27*IBGE_2!T$27/100 -> 369 | U27: =B27*IBGE_2!U$27/100 -> 0.251 | V27: =B27*IBGE_2!V$27/100 -> 1.27 | W27: . | X27: =B27*IBGE_2!X$27/100 -> 0.169 | Y27: =B27*IBGE_2!Y$27/100 -> 0.073 | Z27: =B27*IBGE_2!Z$27/100 -> 0.178 | AA27: =B27*IBGE_2!AA$27/100 -> 1.06 | AB27: =B27*IBGE_2!AB$27/100 -> 1.5 | AC27: =B27*IBGE_2!AC$27/100 -> 2.41 | AD27: . | AE27: =B27*IBGE_2!AE$27/100 -> 181 | AF27: . | AG27: =B27*IBGE_2!AG$27/100 -> 0.298 | AH27: =B27*IBGE_2!AH$27/100 -> 0.012 | AI27: =B27*IBGE_2!AI$27/100 -> 191 | AJ27: =B27*IBGE_2!AJ$27/100 -> 3.851 | AK27: =B27*IBGE_2!AK$27/100 -> 0.417 | AL27: =B27*IBGE_2!AL$27/100 -> 0.39 | AM27: .
A28: SOJA EM GRAO | B28: 100 | C28: =B28*IBGE_2!C$28/100 -> 196.342 | D28: =B28*IBGE_2!D$28/100 -> 16.64 | E28: =B28*IBGE_2!E$28/100 -> 11.611 | F28: =B28*IBGE_2!F$28/100 -> 1.71 | G28: =B28*IBGE_2!G$28/100 -> 2.583 | H28: =B28*IBGE_2!H$28/100 -> 6.589 | I28: =B28*IBGE_2!I$28/100 -> 5.81 | J28: =B28*IBGE_2!J$28/100 -> 0.777 | K28: . | L28: =B28*IBGE_2!L$28/100 -> 9.93 | M28: =B28*IBGE_2!M$28/100 -> 6 | N28: =B28*IBGE_2!N$28/100 -> 102 | O28: =B28*IBGE_2!O$28/100 -> 86 | P28: =B28*IBGE_2!P$28/100 -> 0.824 | Q28: =B28*IBGE_2!Q$28/100 -> 245 | R28: =B28*IBGE_2!R$28/100 -> 5.141 | S28: =B28*IBGE_2!S$28/100 -> 1 | T28: =B28*IBGE_2!T$28/100 -> 515 | U28: =B28*IBGE_2!U$28/100 -> 0.407 | V28: =B28*IBGE_2!V$28/100 -> 1.15 | W28: . | X28: =B28*IBGE_2!X$28/100 -> 0.155 | Y28: =B28*IBGE_2!Y$28/100 -> 0.285 | Z28: =B28*IBGE_2!Z$28/100 -> 0.234 | AA28: =B28*IBGE_2!AA$28/100 -> 0.399 | AB28: =B28*IBGE_2!AB$28/100 -> 1.7 | AC28: =B28*IBGE_2!AC$28/100 -> 4.432 | AD28: . | AE28: =B28*IBGE_2!AE$28/100 -> 54 | AF28: . | AG28: =B28*IBGE_2!AG$28/100 -> 0.566 | AH28: =B28*IBGE_2!AH$28/100 -> 0.014 | AI28: =B28*IBGE_2!AI$28/100 -> 219 | AJ28: =B28*IBGE_2!AJ$28/100 -> 8.51 | AK28: =B28*IBGE_2!AK$28/100 -> 0.417 | AL28: =B28*IBGE_2!AL$28/100 -> 0.8 | AM28: .
A29: FEIJAO (PRETO, MULATINHO, ROXO, ROSINHA, ETC) | B29: 100 | C29: =B29*IBGE_2!C$29/100 -> 97.405 | D29: =B29*IBGE_2!D$29/100 -> 5.838 | E29: =B29*IBGE_2!E$29/100 -> 1.794 | F29: =B29*IBGE_2!F$29/100 -> 0.303 | G29: =B29*IBGE_2!G$29/100 -> 0.38 | H29: =B29*IBGE_2!H$29/100 -> 1.006 | I29: =B29*IBGE_2!I$29/100 -> 0.857 | J29: =B29*IBGE_2!J$29/100 -> 0.149 | K29: . | L29: =B29*IBGE_2!L$29/100 -> 15.054 | M29: =B29*IBGE_2!M$29/100 -> 3.78 | N29: =B29*IBGE_2!N$29/100 -> 55.202 | O29: =B29*IBGE_2!O$29/100 -> 38.201 | P29: =B29*IBGE_2!P$29/100 -> 0.382 | Q29: =B29*IBGE_2!Q$29/100 -> 67.8 | R29: =B29*IBGE_2!R$29/100 -> 2.221 | S29: =B29*IBGE_2!S$29/100 -> 5.203 | T29: =B29*IBGE_2!T$29/100 -> 336.6 | U29: =B29*IBGE_2!U$29/100 -> 0.176 | V29: =B29*IBGE_2!V$29/100 -> 0.832 | W29: . | X29: =B29*IBGE_2!X$29/100 -> 0.071 | Y29: =B29*IBGE_2!Y$29/100 -> 0.028 | Z29: =B29*IBGE_2!Z$29/100 -> 0.056 | AA29: =B29*IBGE_2!AA$29/100 -> 0.084 | AB29: . | AC29: =B29*IBGE_2!AC$29/100 -> 1.234 | AD29: . | AE29: =B29*IBGE_2!AE$29/100 -> 48.6 | AF29: . | AG29: =B29*IBGE_2!AG$29/100 -> 0.694 | AH29: =B29*IBGE_2!AH$29/100 -> 0.008 | AI29: =B29*IBGE_2!AI$29/100 -> 219 | AJ29: =B29*IBGE_2!AJ$29/100 -> 1.506 | AK29: . | AL29: =B29*IBGE_2!AL$29/100 -> 0.3 | AM29: .
A30: QUIRERA NAO ESPECIFICADA | B30: 100 | C30: =B30*IBGE_2!C$30/100 -> 62.952 | D30: =B30*IBGE_2!D$30/100 -> 1.237 | E30: =B30*IBGE_2!E$30/100 -> 0.305 | F30: =B30*IBGE_2!F$30/100 -> 0.033 | G30: =B30*IBGE_2!G$30/100 -> 0.059 | H30: =B30*IBGE_2!H$30/100 -> 0.125 | I30: =B30*IBGE_2!I$30/100 -> 0.122 | J30: =B30*IBGE_2!J$30/100 -> 0.003 | K30: . | L30: =B30*IBGE_2!L$30/100 -> 13.503 | M30: =B30*IBGE_2!M$30/100 -> 0.672 | N30: =B30*IBGE_2!N$30/100 -> 3.373 | O30: =B30*IBGE_2!O$30/100 -> 6.925 | P30: =B30*IBGE_2!P$30/100 -> 0.031 | Q30: =B30*IBGE_2!Q$30/100 -> 17.913 | R30: =B30*IBGE_2!R$30/100 -> 0.737 | S30: =B30*IBGE_2!S$30/100 -> 5.009 | T30: =B30*IBGE_2!T$30/100 -> 25.931 | U30: =B30*IBGE_2!U$30/100 -> 0.023 | V30: =B30*IBGE_2!V$30/100 -> 0.131 | W30: . | X30: =B30*IBGE_2!X$30/100 -> 0.105 | Y30: =B30*IBGE_2!Y$30/100 -> 0.071 | Z30: =B30*IBGE_2!Z$30/100 -> 0.034 | AA30: =B30*IBGE_2!AA$30/100 -> 0.906 | AB30: . | AC30: =B30*IBGE_2!AC$30/100 -> 1.017 | AD30: . | AE30: =B30*IBGE_2!AE$30/100 -> 20.813 | AF30: . | AG30: =B30*IBGE_2!AG$30/100 -> 0.027 | AH30: . | AI30: =B30*IBGE_2!AI$30/100 -> 126 | AJ30: =B30*IBGE_2!AJ$30/100 -> 1.979 | AK30: =B30*IBGE_2!AK$30/100 -> 1.827 | AL30: =B30*IBGE_2!AL$30/100 -> 0.285 | AM30: .
A31: FEIJAO VERDE ORGANICO | B31: 100 | C31: =B31*IBGE_2!C$31/100 -> 121.332 | D31: =B31*IBGE_2!D$31/100 -> 3.17 | E31: =B31*IBGE_2!E$31/100 -> 3.133 | F31: =B31*IBGE_2!F$31/100 -> 0.527 | G31: =B31*IBGE_2!G$31/100 -> 0.661 | H31: =B31*IBGE_2!H$31/100 -> 1.75 | I31: =B31*IBGE_2!I$31/100 -> 1.495 | J31: =B31*IBGE_2!J$31/100 -> 0.255 | K31: . | L31: =B31*IBGE_2!L$31/100 -> 20.32 | M31: =B31*IBGE_2!M$31/100 -> 5 | N31: =B31*IBGE_2!N$31/100 -> 128 | O31: =B31*IBGE_2!O$31/100 -> 52 | P31: =B31*IBGE_2!P$31/100 -> 0.572 | Q31: =B31*IBGE_2!Q$31/100 -> 51 | R31: =B31*IBGE_2!R$31/100 -> 1.121 | S31: =B31*IBGE_2!S$31/100 -> 4 | T31: =B31*IBGE_2!T$31/100 -> 418 | U31: =B31*IBGE_2!U$31/100 -> 0.133 | V31: =B31*IBGE_2!V$31/100 -> 1.03 | W31: . | X31: =B31*IBGE_2!X$31/100 -> 0.101 | Y31: =B31*IBGE_2!Y$31/100 -> 0.148 | Z31: =B31*IBGE_2!Z$31/100 -> 0.065 | AA31: =B31*IBGE_2!AA$31/100 -> 1.403 | AB31: =B31*IBGE_2!AB$31/100 -> 2.2 | AC31: =B31*IBGE_2!AC$31/100 -> 2.02 | AD31: . | AE31: =B31*IBGE_2!AE$31/100 -> 127 | AF31: . | AG31: =B31*IBGE_2!AG$31/100 -> 0.445 | AH31: =B31*IBGE_2!AH$31/100 -> 0.015 | AI31: =B31*IBGE_2!AI$31/100 -> 229 | AJ31: =B31*IBGE_2!AJ$31/100 -> 3.761 | AK31: =B31*IBGE_2!AK$31/100 -> 39.583 | AL31: =B31*IBGE_2!AL$31/100 -> 0.34 | AM31: .
A32: FEIJAO ORGANICO | B32: 100 | C32: =B32*IBGE_2!C$32/100 -> 97.405 | D32: =B32*IBGE_2!D$32/100 -> 5.838 | E32: =B32*IBGE_2!E$32/100 -> 1.794 | F32: =B32*IBGE_2!F$32/100 -> 0.303 | G32: =B32*IBGE_2!G$32/100 -> 0.38 | H32: =B32*IBGE_2!H$32/100 -> 1.006 | I32: =B32*IBGE_2!I$32/100 -> 0.857 | J32: =B32*IBGE_2!J$32/100 -> 0.149 | K32: . | L32: =B32*IBGE_2!L$32/100 -> 15.054 | M32: =B32*IBGE_2!M$32/100 -> 3.78 | N32: =B32*IBGE_2!N$32/100 -> 55.202 | O32: =B32*IBGE_2!O$32/100 -> 38.201 | P32: =B32*IBGE_2!P$32/100 -> 0.382 | Q32: =B32*IBGE_2!Q$32/100 -> 67.8 | R32: =B32*IBGE_2!R$32/100 -> 2.221 | S32: =B32*IBGE_2!S$32/100 -> 5.203 | T32: =B32*IBGE_2!T$32/100 -> 336.6 | U32: =B32*IBGE_2!U$32/100 -> 0.176 | V32: =B32*IBGE_2!V$32/100 -> 0.832 | W32: . | X32: =B32*IBGE_2!X$32/100 -> 0.071 | Y32: =B32*IBGE_2!Y$32/100 -> 0.028 | Z32: =B32*IBGE_2!Z$32/100 -> 0.056 | AA32: =B32*IBGE_2!AA$32/100 -> 0.084 | AB32: . | AC32: =B32*IBGE_2!AC$32/100 -> 1.234 | AD32: . | AE32: =B32*IBGE_2!AE$32/100 -> 48.6 | AF32: . | AG32: =B32*IBGE_2!AG$32/100 -> 0.694 | AH32: =B32*IBGE_2!AH$32/100 -> 0.008 | AI32: =B32*IBGE_2!AI$32/100 -> 219 | AJ32: =B32*IBGE_2!AJ$32/100 -> 1.506 | AK32: . | AL32: =B32*IBGE_2!AL$32/100 -> 0.3 | AM32: .
A33: PIPOCA LIGHT | B33: 100 | C33: =B33*IBGE_2!C$33/100 -> 445.938 | D33: =B33*IBGE_2!D$33/100 -> 10.773 | E33: =B33*IBGE_2!E$33/100 -> 17.78 | F33: =B33*IBGE_2!F$33/100 -> 3.748 | G33: =B33*IBGE_2!G$33/100 -> 9.358 | H33: =B33*IBGE_2!H$33/100 -> 3.724 | I33: =B33*IBGE_2!I$33/100 -> 3.636 | J33: =B33*IBGE_2!J$33/100 -> 0.088 | K33: . | L33: =B33*IBGE_2!L$33/100 -> 64.852 | M33: =B33*IBGE_2!M$33/100 -> 12.071 | N33: =B33*IBGE_2!N$33/100 -> 6.488 | O33: =B33*IBGE_2!O$33/100 -> 119.908 | P33: =B33*IBGE_2!P$33/100 -> 0.929 | Q33: =B33*IBGE_2!Q$33/100 -> 298.035 | R33: =B33*IBGE_2!R$33/100 -> 2.665 | S33: =B33*IBGE_2!S$33/100 -> 1072.505 | T33: =B33*IBGE_2!T$33/100 -> 274.113 | U33: =B33*IBGE_2!U$33/100 -> 0.219 | V33: =B33*IBGE_2!V$33/100 -> 2.567 | W33: . | X33: =B33*IBGE_2!X$33/100 -> 0.087 | Y33: =B33*IBGE_2!Y$33/100 -> 0.069 | Z33: =B33*IBGE_2!Z$33/100 -> 0.131 | AA33: =B33*IBGE_2!AA$33/100 -> 1.921 | AB33: . | AC33: =B33*IBGE_2!AC$33/100 -> 3.101 | AD33: . | AE33: =B33*IBGE_2!AE$33/100 -> 25.808 | AF33: . | AG33: =B33*IBGE_2!AG$33/100 -> 1.235 | AH33: =B33*IBGE_2!AH$33/100 -> 4.203 | AI33: . | AJ33: =B33*IBGE_2!AJ$33/100 -> 0.003 | AK33: =B33*IBGE_2!AK$33/100 -> 8.186 | AL33: =B33*IBGE_2!AL$33/100 -> 0.716 | AM33: .
A34: ARROZ ORGANICO | B34: 100 | C34: =B34*IBGE_2!C$34/100 -> 135.62295 | D34: =B34*IBGE_2!D$34/100 -> 2.4961127 | E34: =B34*IBGE_2!E$34/100 -> 1.200042 | F34: =B34*IBGE_2!F$34/100 -> 0.3506652 | G34: =B34*IBGE_2!G$34/100 -> 0.2221954 | H34: =B34*IBGE_2!H$34/100 -> 0.5631178 | I34: =B34*IBGE_2!I$34/100 -> 0.5563308 | J34: =B34*IBGE_2!J$34/100 -> 0.0662088 | K34: . | L34: =B34*IBGE_2!L$34/100 -> 27.784863 | M34: =B34*IBGE_2!M$34/100 -> 1.5457022 | N34: =B34*IBGE_2!N$34/100 -> 3.5095989 | O34: =B34*IBGE_2!O$34/100 -> 2.2312507 | P34: =B34*IBGE_2!P$34/100 -> 0.29375933 | Q34: =B34*IBGE_2!Q$34/100 -> 17.769139 | R34: =B34*IBGE_2!R$34/100 -> 0.076405333 | S34: =B34*IBGE_2!S$34/100 -> 1.1889001 | T34: =B34*IBGE_2!T$34/100 -> 14.529865 | U34: =B34*IBGE_2!U$34/100 -> 0.014853 | V34: =B34*IBGE_2!V$34/100 -> 0.48661627 | W34: . | X34: . | Y34: . | Z34: . | AA34: . | AB34: . | AC34: . | AD34: . | AE34: . | AF34: . | AG34: =B34*IBGE_2!AG$34/100 -> 0.0797818 | AH34: =B34*IBGE_2!AH$34/100 -> 0.005194 | AI34: =B34*IBGE_2!AI$34/100 -> 382 | AJ34: =B34*IBGE_2!AJ$34/100 -> 0.4469682 | AK34: . | AL34: . | AM34: .
A35: ARROZ INTEGRAL ORGANICO | B35: 100 | C35: =B35*IBGE_2!C$35/100 -> 130.94564 | D35: =B35*IBGE_2!D$35/100 -> 2.5628852 | E35: =B35*IBGE_2!E$35/100 -> 1.9657967 | F35: =B35*IBGE_2!F$35/100 -> 0.4496852 | G35: =B35*IBGE_2!G$35/100 -> 0.6182754 | H35: =B35*IBGE_2!H$35/100 -> 0.8601778 | I35: =B35*IBGE_2!I$35/100 -> 0.8038808 | J35: =B35*IBGE_2!J$35/100 -> 0.0761108 | K35: . | L35: =B35*IBGE_2!L$35/100 -> 25.556814 | M35: =B35*IBGE_2!M$35/100 -> 2.7223899 | N35: =B35*IBGE_2!N$35/100 -> 5.1530008 | O35: =B35*IBGE_2!O$35/100 -> 58.12672 | P35: =B35*IBGE_2!P$35/100 -> 0.62118547 | Q35: =B35*IBGE_2!Q$35/100 -> 104.81564 | R35: =B35*IBGE_2!R$35/100 -> 0.2599224 | S35: =B35*IBGE_2!S$35/100 -> 1.2324689 | T35: =B35*IBGE_2!T$35/100 -> 74.41518 | U35: =B35*IBGE_2!U$35/100 -> 0.020134067 | V35: =B35*IBGE_2!V$35/100 -> 0.67607453 | W35: . | X35: =B35*IBGE_2!X$35/100 -> 0.079216 | Y35: . | Z35: =B35*IBGE_2!Z$35/100 -> 0.079216 | AA35: . | AB35: . | AC35: . | AD35: . | AE35: . | AF35: . | AG35: =B35*IBGE_2!AG$35/100 -> 0.0797818 | AH35: =B35*IBGE_2!AH$35/100 -> 0.005194 | AI35: =B35*IBGE_2!AI$35/100 -> 282 | AJ35: =B35*IBGE_2!AJ$35/100 -> 0.4469682 | AK35: . | AL35: . | AM35: .
A36: FEIJAO SOJA ORGANICO | B36: 100 | C36: =B36*IBGE_2!C$36/100 -> 196.342 | D36: =B36*IBGE_2!D$36/100 -> 16.64 | E36: =B36*IBGE_2!E$36/100 -> 11.611 | F36: =B36*IBGE_2!F$36/100 -> 1.71 | G36: =B36*IBGE_2!G$36/100 -> 2.583 | H36: =B36*IBGE_2!H$36/100 -> 6.589 | I36: =B36*IBGE_2!I$36/100 -> 5.81 | J36: =B36*IBGE_2!J$36/100 -> 0.777 | K36: . | L36: =B36*IBGE_2!L$36/100 -> 9.93 | M36: =B36*IBGE_2!M$36/100 -> 6 | N36: =B36*IBGE_2!N$36/100 -> 102 | O36: =B36*IBGE_2!O$36/100 -> 86 | P36: =B36*IBGE_2!P$36/100 -> 0.824 | Q36: =B36*IBGE_2!Q$36/100 -> 245 | R36: =B36*IBGE_2!R$36/100 -> 5.141 | S36: =B36*IBGE_2!S$36/100 -> 1 | T36: =B36*IBGE_2!T$36/100 -> 515 | U36: =B36*IBGE_2!U$36/100 -> 0.407 | V36: =B36*IBGE_2!V$36/100 -> 1.15 | W36: . | X36: =B36*IBGE_2!X$36/100 -> 0.155 | Y36: =B36*IBGE_2!Y$36/100 -> 0.285 | Z36: =B36*IBGE_2!Z$36/100 -> 0.234 | AA36: =B36*IBGE_2!AA$36/100 -> 0.399 | AB36: =B36*IBGE_2!AB$36/100 -> 1.7 | AC36: =B36*IBGE_2!AC$36/100 -> 4.432 | AD36: . | AE36: =B36*IBGE_2!AE$36/100 -> 54 | AF36: . | AG36: =B36*IBGE_2!AG$36/100 -> 0.566 | AH36: =B36*IBGE_2!AH$36/100 -> 0.014 | AI36: =B36*IBGE_2!AI$36/100 -> 219 | AJ36: =B36*IBGE_2!AJ$36/100 -> 8.51 | AK36: =B36*IBGE_2!AK$36/100 -> 0.417 | AL36: =B36*IBGE_2!AL$36/100 -> 0.8 | AM36: .
A37: QUINOA | B37: 100 | C37: =B37*IBGE_2!C$37/100 -> 135.465 | D37: =B37*IBGE_2!D$37/100 -> 4.365 | E37: =B37*IBGE_2!E$37/100 -> 4.331 | F37: =B37*IBGE_2!F$37/100 -> 0.602 | G37: =B37*IBGE_2!G$37/100 -> 1.058 | H37: =B37*IBGE_2!H$37/100 -> 2.435 | I37: =B37*IBGE_2!I$37/100 -> 2.171 | J37: =B37*IBGE_2!J$37/100 -> 0.247 | K37: . | L37: =B37*IBGE_2!L$37/100 -> 19.834 | M37: =B37*IBGE_2!M$37/100 -> 2.164 | N37: =B37*IBGE_2!N$37/100 -> 16.573 | O37: =B37*IBGE_2!O$37/100 -> 61.582 | P37: =B37*IBGE_2!P$37/100 -> 0.628 | Q37: =B37*IBGE_2!Q$37/100 -> 141.277 | R37: =B37*IBGE_2!R$37/100 -> 1.414 | S37: =B37*IBGE_2!S$37/100 -> 4.271 | T37: =B37*IBGE_2!T$37/100 -> 174.046 | U37: =B37*IBGE_2!U$37/100 -> 0.189 | V37: =B37*IBGE_2!V$37/100 -> 0.965 | W37: . | X37: =B37*IBGE_2!X$37/100 -> 0.111 | Y37: =B37*IBGE_2!Y$37/100 -> 0.098 | Z37: =B37*IBGE_2!Z$37/100 -> 0.151 | AA37: =B37*IBGE_2!AA$37/100 -> 0.47 | AB37: . | AC37: =B37*IBGE_2!AC$37/100 -> 1.269 | AD37: . | AE37: =B37*IBGE_2!AE$37/100 -> 56.882 | AF37: . | AG37: =B37*IBGE_2!AG$37/100 -> 0.955 | AH37: =B37*IBGE_2!AH$37/100 -> 0.013 | AI37: =B37*IBGE_2!AI$37/100 -> 374 | AJ37: =B37*IBGE_2!AJ$37/100 -> 3.753 | AK37: =B37*IBGE_2!AK$37/100 -> 0.219 | AL37: =B37*IBGE_2!AL$37/100 -> 1.886 | AM37: .
A38: BATATA-INGLESACRU(A) | B38: 100 | C38: =B38*IBGE_2!C$38/100 -> 86 | D38: =B38*IBGE_2!D$38/100 -> 1.71 | E38: =B38*IBGE_2!E$38/100 -> 0.1 | F38: =B38*IBGE_2!F$38/100 -> 0.026 | G38: =B38*IBGE_2!G$38/100 -> 0.002 | H38: =B38*IBGE_2!H$38/100 -> 0.043 | I38: =B38*IBGE_2!I$38/100 -> 0.032 | J38: =B38*IBGE_2!J$38/100 -> 0.01 | K38: . | L38: =B38*IBGE_2!L$38/100 -> 20.01 | M38: =B38*IBGE_2!M$38/100 -> 2.05 | N38: =B38*IBGE_2!N$38/100 -> 8 | O38: =B38*IBGE_2!O$38/100 -> 20 | P38: =B38*IBGE_2!P$38/100 -> 0.14 | Q38: =B38*IBGE_2!Q$38/100 -> 40 | R38: =B38*IBGE_2!R$38/100 -> 0.31 | S38: =B38*IBGE_2!S$38/100 -> 5 | T38: =B38*IBGE_2!T$38/100 -> 328 | U38: =B38*IBGE_2!U$38/100 -> 0.167 | V38: =B38*IBGE_2!V$38/100 -> 0.27 | W38: . | X38: =B38*IBGE_2!X$38/100 -> 0.098 | Y38: =B38*IBGE_2!Y$38/100 -> 0.019 | Z38: =B38*IBGE_2!Z$38/100 -> 0.269 | AA38: =B38*IBGE_2!AA$38/100 -> 1.312 | AB38: =B38*IBGE_2!AB$38/100 -> 7.4 | AC38: =B38*IBGE_2!AC$38/100 -> 1.762 | AD38: . | AE38: =B38*IBGE_2!AE$38/100 -> 9 | AF38: . | AG38: =B38*IBGE_2!AG$38/100 -> 0.06 | AH38: . | AI38: =B38*IBGE_2!AI$38/100 -> 242 | AJ38: =B38*IBGE_2!AJ$38/100 -> 0.3 | AK38: =B38*IBGE_2!AK$38/100 -> 0.167 | AL38: =B38*IBGE_2!AL$38/100 -> 0.86 | AM38: .
A39: BATATA-INGLESACOZIDO(A) | B39: 100 | C39: =B39*IBGE_2!C$39/100 -> 86 | D39: =B39*IBGE_2!D$39/100 -> 1.71 | E39: =B39*IBGE_2!E$39/100 -> 0.1 | F39: =B39*IBGE_2!F$39/100 -> 0.026 | G39: =B39*IBGE_2!G$39/100 -> 0.002 | H39: =B39*IBGE_2!H$39/100 -> 0.043 | I39: =B39*IBGE_2!I$39/100 -> 0.032 | J39: =B39*IBGE_2!J$39/100 -> 0.01 | K39: . | L39: =B39*IBGE_2!L$39/100 -> 20.01 | M39: =B39*IBGE_2!M$39/100 -> 2.05 | N39: =B39*IBGE_2!N$39/100 -> 8 | O39: =B39*IBGE_2!O$39/100 -> 20 | P39: =B39*IBGE_2!P$39/100 -> 0.14 | Q39: =B39*IBGE_2!Q$39/100 -> 40 | R39: =B39*IBGE_2!R$39/100 -> 0.31 | S39: =B39*IBGE_2!S$39/100 -> 5 | T39: =B39*IBGE_2!T$39/100 -> 328 | U39: =B39*IBGE_2!U$39/100 -> 0.167 | V39: =B39*IBGE_2!V$39/100 -> 0.27 | W39: . | X39: =B39*IBGE_2!X$39/100 -> 0.098 | Y39: =B39*IBGE_2!Y$39/100 -> 0.019 | Z39: =B39*IBGE_2!Z$39/100 -> 0.269 | AA39: =B39*IBGE_2!AA$39/100 -> 1.312 | AB39: =B39*IBGE_2!AB$39/100 -> 7.4 | AC39: =B39*IBGE_2!AC$39/100 -> 1.762 | AD39: . | AE39: =B39*IBGE_2!AE$39/100 -> 9 | AF39: . | AG39: =B39*IBGE_2!AG$39/100 -> 0.06 | AH39: . | AI39: =B39*IBGE_2!AI$39/100 -> 242 | AJ39: =B39*IBGE_2!AJ$39/100 -> 0.3 | AK39: =B39*IBGE_2!AK$39/100 -> 0.167 | AL39: =B39*IBGE_2!AL$39/100 -> 0.86 | AM39: .
A40: BATATA-INGLESAGRELHADO(A)/BRASA/CHURRASCO | B40: 100 | C40: =B40*IBGE_2!C$40/100 -> 86 | D40: =B40*IBGE_2!D$40/100 -> 1.71 | E40: =B40*IBGE_2!E$40/100 -> 0.1 | F40: =B40*IBGE_2!F$40/100 -> 0.026 | G40: =B40*IBGE_2!G$40/100 -> 0.002 | H40: =B40*IBGE_2!H$40/100 -> 0.043 | I40: =B40*IBGE_2!I$40/100 -> 0.032 | J40: =B40*IBGE_2!J$40/100 -> 0.01 | K40: . | L40: =B40*IBGE_2!L$40/100 -> 20.01 | M40: =B40*IBGE_2!M$40/100 -> 2.05 | N40: =B40*IBGE_2!N$40/100 -> 8 | O40: =B40*IBGE_2!O$40/100 -> 20 | P40: =B40*IBGE_2!P$40/100 -> 0.14 | Q40: =B40*IBGE_2!Q$40/100 -> 40 | R40: =B40*IBGE_2!R$40/100 -> 0.31 | S40: =B40*IBGE_2!S$40/100 -> 5 | T40: =B40*IBGE_2!T$40/100 -> 328 | U40: =B40*IBGE_2!U$40/100 -> 0.167 | V40: =B40*IBGE_2!V$40/100 -> 0.27 | W40: . | X40: =B40*IBGE_2!X$40/100 -> 0.098 | Y40: =B40*IBGE_2!Y$40/100 -> 0.019 | Z40: =B40*IBGE_2!Z$40/100 -> 0.269 | AA40: =B40*IBGE_2!AA$40/100 -> 1.312 | AB40: =B40*IBGE_2!AB$40/100 -> 7.4 | AC40: =B40*IBGE_2!AC$40/100 -> 1.762 | AD40: . | AE40: =B40*IBGE_2!AE$40/100 -> 9 | AF40: . | AG40: =B40*IBGE_2!AG$40/100 -> 0.06 | AH40: . | AI40: =B40*IBGE_2!AI$40/100 -> 242 | AJ40: =B40*IBGE_2!AJ$40/100 -> 0.3 | AK40: =B40*IBGE_2!AK$40/100 -> 0.167 | AL40: =B40*IBGE_2!AL$40/100 -> 0.86 | AM40: .
A41: BATATA-INGLESAASSADO(A) | B41: 100 | C41: =B41*IBGE_2!C$41/100 -> 86 | D41: =B41*IBGE_2!D$41/100 -> 1.71 | E41: =B41*IBGE_2!E$41/100 -> 0.1 | F41: =B41*IBGE_2!F$41/100 -> 0.026 | G41: =B41*IBGE_2!G$41/100 -> 0.002 | H41: =B41*IBGE_2!H$41/100 -> 0.043 | I41: =B41*IBGE_2!I$41/100 -> 0.032 | J41: =B41*IBGE_2!J$41/100 -> 0.01 | K41: . | L41: =B41*IBGE_2!L$41/100 -> 20.01 | M41: =B41*IBGE_2!M$41/100 -> 2.05 | N41: =B41*IBGE_2!N$41/100 -> 8 | O41: =B41*IBGE_2!O$41/100 -> 20 | P41: =B41*IBGE_2!P$41/100 -> 0.14 | Q41: =B41*IBGE_2!Q$41/100 -> 40 | R41: =B41*IBGE_2!R$41/100 -> 0.31 | S41: =B41*IBGE_2!S$41/100 -> 5 | T41: =B41*IBGE_2!T$41/100 -> 328 | U41: =B41*IBGE_2!U$41/100 -> 0.167 | V41: =B41*IBGE_2!V$41/100 -> 0.27 | W41: . | X41: =B41*IBGE_2!X$41/100 -> 0.098 | Y41: =B41*IBGE_2!Y$41/100 -> 0.019 | Z41: =B41*IBGE_2!Z$41/100 -> 0.269 | AA41: =B41*IBGE_2!AA$41/100 -> 1.312 | AB41: =B41*IBGE_2!AB$41/100 -> 7.4 | AC41: =B41*IBGE_2!AC$41/100 -> 1.762 | AD41: . | AE41: =B41*IBGE_2!AE$41/100 -> 9 | AF41: . | AG41: =B41*IBGE_2!AG$41/100 -> 0.06 | AH41: . | AI41: =B41*IBGE_2!AI$41/100 -> 242 | AJ41: =B41*IBGE_2!AJ$41/100 -> 0.3 | AK41: =B41*IBGE_2!AK$41/100 -> 0.167 | AL41: =B41*IBGE_2!AL$41/100 -> 0.86 | AM41: .
A42: BATATA-INGLESAFRITO(A) | B42: 100 | C42: =B42*IBGE_2!C$42/100 -> 263.5 | D42: =B42*IBGE_2!D$42/100 -> 2.871 | E42: =B42*IBGE_2!E$42/100 -> 13.64 | F42: =B42*IBGE_2!F$42/100 -> 2.152 | G42: =B42*IBGE_2!G$42/100 -> 3.073 | H42: =B42*IBGE_2!H$42/100 -> 7.851 | I42: =B42*IBGE_2!I$42/100 -> 6.918 | J42: =B42*IBGE_2!J$42/100 -> 0.931 | K42: . | L42: =B42*IBGE_2!L$42/100 -> 33.6 | M42: =B42*IBGE_2!M$42/100 -> 3.442 | N42: =B42*IBGE_2!N$42/100 -> 13.433 | O42: =B42*IBGE_2!O$42/100 -> 33.583 | P42: =B42*IBGE_2!P$42/100 -> 0.235 | Q42: =B42*IBGE_2!Q$42/100 -> 67.166 | R42: =B42*IBGE_2!R$42/100 -> 0.527 | S42: =B42*IBGE_2!S$42/100 -> 8.396 | T42: =B42*IBGE_2!T$42/100 -> 550.764 | U42: =B42*IBGE_2!U$42/100 -> 0.28 | V42: =B42*IBGE_2!V$42/100 -> 0.455 | W42: . | X42: =B42*IBGE_2!X$42/100 -> 0.165 | Y42: =B42*IBGE_2!Y$42/100 -> 0.032 | Z42: =B42*IBGE_2!Z$42/100 -> 0.452 | AA42: =B42*IBGE_2!AA$42/100 -> 2.203 | AB42: =B42*IBGE_2!AB$42/100 -> 12.426 | AC42: =B42*IBGE_2!AC$42/100 -> 2.959 | AD42: . | AE42: =B42*IBGE_2!AE$42/100 -> 15.112 | AF42: . | AG42: =B42*IBGE_2!AG$42/100 -> 1.203 | AH42: =B42*IBGE_2!AH$42/100 -> 0.072 | AI42: =B42*IBGE_2!AI$42/100 -> 380 | AJ42: =B42*IBGE_2!AJ$42/100 -> 6.678 | AK42: =B42*IBGE_2!AK$42/100 -> 0.28 | AL42: =B42*IBGE_2!AL$42/100 -> 1.444 | AM42: .
A43: BATATA-INGLESAREFOGADO(A) | B43: 100 | C43: =B43*IBGE_2!C$43/100 -> 111.736 | D43: =B43*IBGE_2!D$43/100 -> 1.71 | E43: =B43*IBGE_2!E$43/100 -> 3.011 | F43: =B43*IBGE_2!F$43/100 -> 0.482 | G43: =B43*IBGE_2!G$43/100 -> 0.665 | H43: =B43*IBGE_2!H$43/100 -> 1.724 | I43: =B43*IBGE_2!I$43/100 -> 1.515 | J43: =B43*IBGE_2!J$43/100 -> 0.208 | K43: . | L43: =B43*IBGE_2!L$43/100 -> 20.01 | M43: =B43*IBGE_2!M$43/100 -> 2.05 | N43: =B43*IBGE_2!N$43/100 -> 8 | O43: =B43*IBGE_2!O$43/100 -> 20 | P43: =B43*IBGE_2!P$43/100 -> 0.14 | Q43: =B43*IBGE_2!Q$43/100 -> 40 | R43: =B43*IBGE_2!R$43/100 -> 0.311 | S43: =B43*IBGE_2!S$43/100 -> 5 | T43: =B43*IBGE_2!T$43/100 -> 328 | U43: =B43*IBGE_2!U$43/100 -> 0.167 | V43: =B43*IBGE_2!V$43/100 -> 0.27 | W43: . | X43: =B43*IBGE_2!X$43/100 -> 0.098 | Y43: =B43*IBGE_2!Y$43/100 -> 0.019 | Z43: =B43*IBGE_2!Z$43/100 -> 0.269 | AA43: =B43*IBGE_2!AA$43/100 -> 1.312 | AB43: =B43*IBGE_2!AB$43/100 -> 7.4 | AC43: =B43*IBGE_2!AC$43/100 -> 1.762 | AD43: . | AE43: =B43*IBGE_2!AE$43/100 -> 9 | AF43: . | AG43: =B43*IBGE_2!AG$43/100 -> 0.298 | AH43: =B43*IBGE_2!AH$43/100 -> 0.016 | AI43: =B43*IBGE_2!AI$43/100 -> 242 | AJ43: =B43*IBGE_2!AJ$43/100 -> 1.634 | AK43: =B43*IBGE_2!AK$43/100 -> 0.167 | AL43: =B43*IBGE_2!AL$43/100 -> 0.86 | AM43: .
A44: BATATA-INGLESAMOLHO VERMELHO | B44: 100 | C44: =B44*IBGE_2!C$44/100 -> 73.6 | D44: =B44*IBGE_2!D$44/100 -> 1.632 | E44: =B44*IBGE_2!E$44/100 -> 0.116 | F44: =B44*IBGE_2!F$44/100 -> 0.026 | G44: =B44*IBGE_2!G$44/100 -> 0.007 | H44: =B44*IBGE_2!H$44/100 -> 0.049 | I44: =B44*IBGE_2!I$44/100 -> 0.039 | J44: =B44*IBGE_2!J$44/100 -> 0.009 | K44: . | L44: =B44*IBGE_2!L$44/100 -> 17.084 | M44: =B44*IBGE_2!M$44/100 -> 1.94 | N44: =B44*IBGE_2!N$44/100 -> 9 | O44: =B44*IBGE_2!O$44/100 -> 19.2 | P44: =B44*IBGE_2!P$44/100 -> 0.133 | Q44: =B44*IBGE_2!Q$44/100 -> 37.2 | R44: =B44*IBGE_2!R$44/100 -> 0.452 | S44: =B44*IBGE_2!S$44/100 -> 108.8 | T44: =B44*IBGE_2!T$44/100 -> 328.6 | U44: =B44*IBGE_2!U$44/100 -> 0.157 | V44: =B44*IBGE_2!V$44/100 -> 0.256 | W44: . | X44: =B44*IBGE_2!X$44/100 -> 0.083 | Y44: =B44*IBGE_2!Y$44/100 -> 0.028 | Z44: =B44*IBGE_2!Z$44/100 -> 0.235 | AA44: =B44*IBGE_2!AA$44/100 -> 1.245 | AB44: =B44*IBGE_2!AB$44/100 -> 7.32 | AC44: =B44*IBGE_2!AC$44/100 -> 1.638 | AD44: . | AE44: =B44*IBGE_2!AE$44/100 -> 9.4 | AF44: . | AG44: =B44*IBGE_2!AG$44/100 -> 0.332 | AH44: . | AI44: =B44*IBGE_2!AI$44/100 -> 242 | AJ44: =B44*IBGE_2!AJ$44/100 -> 0.28 | AK44: =B44*IBGE_2!AK$44/100 -> 3.617 | AL44: =B44*IBGE_2!AL$44/100 -> 1.538 | AM44: .
A45: BATATA-INGLESA MOLHO BRANCO | B45: 100 | C45: =B45*IBGE_2!C$45/100 -> 101.39 | D45: =B45*IBGE_2!D$45/100 -> 2.147 | E45: =B45*IBGE_2!E$45/100 -> 2.569 | F45: =B45*IBGE_2!F$45/100 -> 1.553 | G45: =B45*IBGE_2!G$45/100 -> 0.639 | H45: =B45*IBGE_2!H$45/100 -> 0.147 | I45: =B45*IBGE_2!I$45/100 -> 0.116 | J45: =B45*IBGE_2!J$45/100 -> 0.03 | K45: =B45*IBGE_2!K$45/100 -> 6.833 | L45: =B45*IBGE_2!L$45/100 -> 17.859 | M45: =B45*IBGE_2!M$45/100 -> 1.683 | N45: =B45*IBGE_2!N$45/100 -> 29.279 | O45: =B45*IBGE_2!O$45/100 -> 18.312 | P45: =B45*IBGE_2!P$45/100 -> 0.122 | Q45: =B45*IBGE_2!Q$45/100 -> 51.693 | R45: =B45*IBGE_2!R$45/100 -> 0.318 | S45: =B45*IBGE_2!S$45/100 -> 24.917 | T45: =B45*IBGE_2!T$45/100 -> 292.454 | U45: =B45*IBGE_2!U$45/100 -> 0.138 | V45: =B45*IBGE_2!V$45/100 -> 0.305 | W45: =B45*IBGE_2!W$45/100 -> 20.697 | X45: =B45*IBGE_2!X$45/100 -> 0.097 | Y45: =B45*IBGE_2!Y$45/100 -> 0.058 | Z45: =B45*IBGE_2!Z$45/100 -> 0.223 | AA45: =B45*IBGE_2!AA$45/100 -> 1.145 | AB45: =B45*IBGE_2!AB$45/100 -> 5.924 | AC45: =B45*IBGE_2!AC$45/100 -> 1.78 | AD45: =B45*IBGE_2!AD$45/100 -> 0.09 | AE45: =B45*IBGE_2!AE$45/100 -> 10.796 | AF45: =B45*IBGE_2!AF$45/100 -> 0.227 | AG45: =B45*IBGE_2!AG$45/100 -> 0.113 | AH45: =B45*IBGE_2!AH$45/100 -> 0.097 | AI45: =B45*IBGE_2!AI$45/100 -> 242 | AJ45: =B45*IBGE_2!AJ$45/100 -> 1.409 | AK45: =B45*IBGE_2!AK$45/100 -> 21.214 | AL45: =B45*IBGE_2!AL$45/100 -> 1.721 | AM45: .
A46: BATATA-INGLESAAO ALHO E OLEO | B46: 100 | C46: =B46*IBGE_2!C$46/100 -> 263.5 | D46: =B46*IBGE_2!D$46/100 -> 2.871 | E46: =B46*IBGE_2!E$46/100 -> 13.64 | F46: =B46*IBGE_2!F$46/100 -> 2.152 | G46: =B46*IBGE_2!G$46/100 -> 3.073 | H46: =B46*IBGE_2!H$46/100 -> 7.851 | I46: =B46*IBGE_2!I$46/100 -> 6.918 | J46: =B46*IBGE_2!J$46/100 -> 0.931 | K46: . | L46: =B46*IBGE_2!L$46/100 -> 33.6 | M46: =B46*IBGE_2!M$46/100 -> 3.442 | N46: =B46*IBGE_2!N$46/100 -> 13.433 | O46: =B46*IBGE_2!O$46/100 -> 33.583 | P46: =B46*IBGE_2!P$46/100 -> 0.235 | Q46: =B46*IBGE_2!Q$46/100 -> 67.166 | R46: =B46*IBGE_2!R$46/100 -> 0.527 | S46: =B46*IBGE_2!S$46/100 -> 8.396 | T46: =B46*IBGE_2!T$46/100 -> 550.764 | U46: =B46*IBGE_2!U$46/100 -> 0.28 | V46: =B46*IBGE_2!V$46/100 -> 0.455 | W46: . | X46: =B46*IBGE_2!X$46/100 -> 0.165 | Y46: =B46*IBGE_2!Y$46/100 -> 0.032 | Z46: =B46*IBGE_2!Z$46/100 -> 0.452 | AA46: =B46*IBGE_2!AA$46/100 -> 2.203 | AB46: =B46*IBGE_2!AB$46/100 -> 12.426 | AC46: =B46*IBGE_2!AC$46/100 -> 2.959 | AD46: . | AE46: =B46*IBGE_2!AE$46/100 -> 15.112 | AF46: . | AG46: =B46*IBGE_2!AG$46/100 -> 1.203 | AH46: =B46*IBGE_2!AH$46/100 -> 0.072 | AI46: =B46*IBGE_2!AI$46/100 -> 380 | AJ46: =B46*IBGE_2!AJ$46/100 -> 6.678 | AK46: =B46*IBGE_2!AK$46/100 -> 0.28 | AL46: =B46*IBGE_2!AL$46/100 -> 1.444 | AM46: .
